rank,n,w,h,d,k,t,t_prime,z,sig_bytes,mean_ms,median_ms,min_ms,max_ms,stdev_ms,man_sk_bytes,personal_pk_bytes,group_pk_bytes
1,16,4,6,3,4,16,8,2,0,3.293066,3.2748,3.1888,3.4691,0.106492,32,32,16
2,16,4,6,3,8,16,16,0,0,3.304601,3.2607,3.1136,3.6042,0.188465,32,32,16
3,16,4,6,3,8,16,16,2,0,3.310093,3.2452,3.1879,3.4574,0.128724,32,32,16
4,16,4,6,3,4,32,16,2,0,3.306909,3.2551,3.0815,3.641,0.225151,32,32,16
5,16,4,6,3,8,8,32,2,0,3.377345,3.3716,3.1353,3.7813,0.250079,32,32,16
6,16,4,6,3,4,32,16,0,0,3.395532,3.3443,3.1943,3.777,0.228549,32,32,16
7,16,4,6,3,4,32,8,2,0,3.402255,3.3873,3.2521,3.6545,0.150697,32,32,16
8,16,4,6,3,8,32,16,2,0,3.426167,3.3791,3.176,3.7119,0.227763,32,32,16
9,16,4,6,3,4,8,8,2,0,3.435737,3.3612,3.1863,3.8698,0.257136,32,32,16
10,16,4,6,3,4,16,32,0,0,3.48574,3.3666,3.2812,3.7482,0.220041,32,32,16
11,16,4,6,3,6,8,8,0,0,3.499916,3.4701,3.4107,3.7224,0.126012,32,32,16
12,16,4,6,3,8,32,16,0,0,3.506041,3.4171,3.3792,3.8417,0.192907,32,32,16
13,16,4,6,3,8,8,8,2,0,3.53028,3.471,3.2955,3.8977,0.268247,32,32,16
14,16,4,6,3,4,16,32,2,0,3.552884,3.3428,3.2704,4.1692,0.388993,32,32,16
15,16,4,6,3,6,8,8,2,0,3.552399,3.3515,3.2794,4.2158,0.399635,32,32,16
16,16,4,6,3,6,32,32,2,0,3.635554,3.5488,3.3514,4.1236,0.33505,32,32,16
17,16,4,6,3,6,16,16,0,0,3.676637,3.5037,3.403,4.2354,0.358976,32,32,16
18,16,4,6,3,6,32,32,0,0,3.6845,3.641,3.4104,4.3211,0.368824,32,32,16
19,16,4,6,3,4,32,8,0,0,3.684564,3.6433,3.3434,4.0841,0.366465,32,32,16
20,16,4,6,3,4,16,16,2,0,3.66509,3.3864,3.3484,4.872,0.657018,32,32,16
21,16,4,6,3,4,32,32,2,0,3.69681,3.7943,3.2279,4.0873,0.316455,32,32,16
22,16,4,6,3,6,8,32,2,0,3.697267,3.639,3.354,4.1232,0.349594,32,32,16
23,16,4,6,3,8,32,32,2,0,3.708063,3.3648,3.3471,4.668,0.580505,32,32,16
24,16,4,6,3,8,8,16,2,0,3.698781,3.4416,3.3308,4.945,0.685271,32,32,16
25,16,4,6,3,8,32,8,0,0,3.724867,3.5806,3.4083,4.6929,0.533005,32,32,16
26,16,4,6,3,4,16,16,0,0,3.740124,3.5779,3.4649,4.5358,0.439366,32,32,16
27,16,4,6,3,8,32,8,2,0,3.77736,3.7874,3.5309,4.0624,0.252383,32,32,16
28,16,4,6,3,6,16,8,2,0,3.76442,3.7674,3.3059,4.7068,0.557379,32,32,16
29,16,4,6,3,4,16,8,0,0,3.784211,3.69,3.4343,4.4507,0.390382,32,32,16
30,16,4,6,3,6,32,8,2,0,3.809181,3.7851,3.6224,4.1425,0.201336,32,32,16
31,16,4,6,3,4,8,32,2,0,3.822484,3.8767,3.4401,4.33,0.394442,32,32,16
32,16,4,6,3,8,16,32,0,0,3.841692,3.6992,3.5818,4.3812,0.321168,32,32,16
33,16,4,6,3,6,32,16,0,0,3.842813,3.7359,3.5846,4.3079,0.304551,32,32,16
34,16,4,6,3,6,16,16,2,0,3.800478,3.3551,3.3124,5.0104,0.759999,32,32,16
35,16,4,6,3,6,32,16,2,0,3.883103,3.8225,3.6251,4.4951,0.354664,32,32,16
36,16,4,6,3,8,32,32,0,0,3.888967,3.8853,3.3133,4.6951,0.543038,32,32,16
37,16,4,6,3,8,16,32,2,0,3.863131,3.6106,3.3786,5.2997,0.78971,32,32,16
38,16,4,6,3,8,8,8,0,0,3.888987,3.6373,3.469,5.099,0.669342,32,32,16
39,16,4,6,3,4,32,32,0,0,3.877297,3.8263,3.2837,5.2599,0.808321,32,32,16
40,16,4,6,3,4,8,16,0,0,3.964463,3.8873,3.4974,4.8654,0.559473,32,32,16
41,16,4,6,3,6,8,32,0,0,3.99776,4.1377,3.7385,4.2339,0.238139,32,32,16
42,16,4,6,3,8,16,8,0,0,4.000539,3.746,3.4591,5.234,0.696363,32,32,16
43,16,4,6,3,6,8,16,2,0,4.024822,4.2068,3.3476,4.4535,0.442074,32,32,16
44,16,4,6,3,8,8,16,0,0,4.081376,3.6965,3.458,5.2277,0.818126,32,32,16
45,16,4,6,3,4,8,16,2,0,4.145607,3.9826,3.7518,5.1972,0.587997,32,32,16
46,16,4,6,3,8,8,32,0,0,4.131946,4.1123,3.3213,5.727,0.937163,32,32,16
47,16,4,6,3,8,16,8,2,0,4.185411,3.6843,3.478,5.5698,0.97296,32,32,16
48,16,4,6,3,4,8,32,0,0,4.293108,4.568,3.6083,4.9957,0.668724,32,32,16
49,16,4,6,3,6,8,16,0,0,4.60811,4.1668,4.0864,6.2017,0.907872,32,32,16
50,16,4,6,3,6,16,8,0,0,4.639345,4.5816,3.5736,5.9221,0.871106,32,32,16
51,16,4,6,3,4,8,8,0,0,4.6132,5.0267,3.348,5.8499,1.174414,32,32,16
52,16,4,6,3,6,32,8,0,0,5.52753,5.4922,3.966,9.086,2.034876,32,32,16
53,16,16,6,3,4,16,16,2,0,6.407301,6.3147,6.0895,6.9803,0.357608,32,32,16
54,32,4,6,3,8,32,16,0,0,6.446145,6.3898,5.945,7.2856,0.544729,64,64,32
55,16,16,6,3,8,8,16,2,0,6.509193,6.4255,6.3566,6.8964,0.22109,32,32,16
56,32,4,6,3,8,8,16,2,0,6.535063,6.6639,5.9092,6.8168,0.360686,64,64,32
57,16,4,6,2,4,8,8,2,0,6.613727,6.6313,6.3562,6.9181,0.209145,32,32,16
58,16,16,6,3,4,16,32,2,0,6.633809,6.6079,6.1254,7.2637,0.439219,32,32,16
59,32,4,6,3,4,16,8,0,0,6.585469,6.2655,5.8154,8.69,1.173765,64,64,32
60,16,4,6,2,4,8,16,0,0,6.667622,6.7423,6.4922,6.7763,0.133664,32,32,16
61,16,4,6,2,4,16,32,2,0,6.698484,6.5883,6.3838,7.0586,0.284288,32,32,16
62,32,4,6,3,8,32,16,2,0,6.746587,6.3877,6.1664,8.3337,0.88198,64,64,32
63,16,16,6,3,4,16,8,2,0,6.796367,6.6538,6.4197,7.4936,0.414774,32,32,16
64,32,4,6,3,8,32,32,2,0,6.760802,6.3898,5.7839,8.7308,1.265539,64,64,32
65,16,4,6,2,4,8,16,2,0,6.858512,6.6447,6.4314,7.852,0.581198,32,32,16
66,16,4,6,2,8,8,8,2,0,6.893214,6.8255,6.7134,7.2536,0.210789,32,32,16
67,16,16,6,3,4,32,8,2,0,6.915496,6.9512,6.6228,7.0936,0.180125,32,32,16
68,16,16,6,3,4,32,16,2,0,6.9176,6.8645,6.5139,7.6997,0.457598,32,32,16
69,16,16,6,3,8,8,32,2,0,6.922333,6.9074,6.5112,7.7046,0.478329,32,32,16
70,16,16,6,3,4,16,16,0,0,6.956788,6.8192,6.6645,7.683,0.42366,32,32,16
71,16,4,6,2,4,8,32,2,0,6.947968,6.7987,6.3789,7.8749,0.628398,32,32,16
72,16,4,6,2,4,8,8,0,0,7.004221,6.7339,6.6139,7.7344,0.482621,32,32,16
73,16,4,6,2,4,32,8,0,0,7.01995,7.0958,6.5745,7.35,0.300812,32,32,16
74,16,16,6,3,8,32,16,2,0,7.041105,6.9737,6.8166,7.322,0.210176,32,32,16
75,16,4,6,2,4,32,16,2,0,7.062045,7.0251,6.7159,7.3823,0.301265,32,32,16
76,16,4,6,2,8,16,16,2,0,7.072421,7.1066,6.7721,7.3448,0.20717,32,32,16
77,16,4,6,2,4,16,32,0,0,7.073219,7.0274,6.7914,7.4323,0.232174,32,32,16
78,16,4,6,2,8,32,16,2,0,7.096032,7.0086,6.6224,7.9521,0.521596,32,32,16
79,16,4,6,2,4,32,8,2,0,7.118387,7.1155,6.9038,7.3314,0.177637,32,32,16
80,16,16,6,3,8,16,8,0,0,7.173689,7.2166,6.7511,7.6305,0.316997,32,32,16
81,16,16,6,3,4,8,32,2,0,7.177421,7.3541,6.6708,7.6785,0.420517,32,32,16
82,32,4,6,3,4,8,16,2,0,7.13466,6.9524,6.1109,9.2283,1.271474,64,64,32
83,32,4,6,3,4,16,32,0,0,7.205891,7.3056,6.1619,8.6072,0.936797,64,64,32
84,16,16,6,3,4,32,16,0,0,7.248252,7.1852,6.8237,7.6306,0.314164,32,32,16
85,16,16,6,3,6,32,8,2,0,7.254551,7.1419,6.7833,7.8894,0.52511,32,32,16
86,16,4,6,3,6,16,32,0,0,6.564871,7.6236,3.7119,12.4624,3.59966,32,32,16
87,16,16,6,3,8,8,8,2,0,7.277655,7.1879,7.1501,7.6266,0.201417,32,32,16
88,16,16,6,3,4,32,8,0,0,7.295848,7.3589,7.1676,7.3909,0.107169,32,32,16
89,16,16,6,3,8,16,8,2,0,7.272129,7.0509,6.7846,8.5975,0.749361,32,32,16
90,16,4,6,2,4,16,8,2,0,7.265571,6.8473,6.4135,8.4259,0.983356,32,32,16
91,16,16,6,3,8,16,32,2,0,7.295285,6.9558,6.9227,8.6188,0.730906,32,32,16
92,16,4,6,2,8,32,32,2,0,7.31365,7.2222,6.9115,8.1609,0.515033,32,32,16
93,16,4,6,2,4,16,16,2,0,7.340061,7.4026,6.9544,7.8808,0.363039,32,32,16
94,16,4,6,2,4,8,32,0,0,7.339684,7.2584,6.9653,8.0187,0.411856,32,32,16
95,32,4,6,3,6,8,32,2,0,7.335241,7.1178,6.034,8.5501,1.047559,64,64,32
96,16,4,6,2,6,32,32,0,0,7.401005,7.5313,6.7964,7.9416,0.522829,32,32,16
97,16,16,6,3,8,8,16,0,0,7.412293,7.2404,7.192,7.718,0.270962,32,32,16
98,16,4,6,2,6,8,16,2,0,7.421736,7.4516,7.0786,7.8722,0.304835,32,32,16
99,32,4,6,3,4,32,32,0,0,7.322249,7.3737,5.9927,9.4288,1.428738,64,64,32
100,16,16,6,3,4,16,8,0,0,7.419281,7.1798,6.9382,8.5154,0.639447,32,32,16
101,16,16,6,3,6,32,32,0,0,7.438038,7.2746,7.0835,7.9947,0.408006,32,32,16
102,16,4,6,2,8,8,16,0,0,7.426818,7.1226,7.0471,8.8378,0.775352,32,32,16
103,16,4,6,2,8,32,8,0,0,7.452278,7.4834,6.9591,7.9017,0.376817,32,32,16
104,32,4,6,3,4,16,16,2,0,7.44037,7.5482,6.2455,8.4422,0.799848,64,64,32
105,16,16,6,3,8,32,32,2,0,7.441431,7.1493,6.5725,8.6852,0.911484,32,32,16
106,16,4,6,2,8,16,16,0,0,7.490476,7.3969,7.0495,8.5088,0.584449,32,32,16
107,32,4,6,3,8,8,8,0,0,7.485902,7.3958,6.6131,8.5746,0.705682,64,64,32
108,16,4,6,2,8,32,8,2,0,7.496882,7.3181,7.0395,8.4858,0.56611,32,32,16
109,16,4,6,2,8,32,32,0,0,7.538525,7.5537,7.2633,7.96,0.270578,32,32,16
110,16,4,6,2,8,8,8,0,0,7.52913,7.3826,6.8409,8.1387,0.547809,32,32,16
111,16,4,6,2,8,8,16,2,0,7.532729,7.3089,7.17,8.4295,0.509985,32,32,16
112,32,4,6,3,4,8,16,0,0,7.470305,7.4142,6.2687,9.6038,1.248496,64,64,32
113,32,4,6,3,8,8,8,2,0,7.303418,6.6292,5.5438,10.1107,2.205107,64,64,32
114,16,16,6,3,4,32,32,2,0,7.551889,7.4956,7.1742,7.9769,0.296335,32,32,16
115,16,4,6,2,8,16,8,2,0,7.552458,7.4457,6.9672,8.2026,0.506835,32,32,16
116,16,4,6,2,4,16,16,0,0,7.569265,7.4297,6.8966,8.6245,0.646978,32,32,16
117,32,4,6,3,8,32,32,0,0,7.479924,7.4254,5.947,9.2608,1.471127,64,64,32
118,16,4,6,2,8,16,32,2,0,7.585339,7.5199,7.0019,8.464,0.534771,32,32,16
119,32,4,6,3,6,16,16,0,0,7.502711,7.6994,6.1221,9.5408,1.438133,64,64,32
120,16,16,6,3,6,32,16,2,0,7.605565,7.5635,7.0909,8.0816,0.376586,32,32,16
121,32,4,6,3,4,8,8,2,0,7.53551,7.2244,6.1479,9.0285,1.29042,64,64,32
122,32,4,6,3,8,16,8,2,0,7.556405,7.7133,6.2633,9.0293,1.236963,64,64,32
123,16,16,6,3,8,16,16,2,0,7.657681,7.5343,7.2631,8.6192,0.542786,32,32,16
124,32,4,6,3,8,16,32,2,0,7.668514,7.5163,7.2279,8.3997,0.460326,64,64,32
125,16,4,6,2,6,32,16,2,0,7.680589,7.6145,7.2074,8.2429,0.407643,32,32,16
126,16,16,6,3,8,32,8,0,0,7.686756,7.7979,7.1738,7.942,0.298728,32,32,16
127,16,16,6,3,6,32,32,2,0,7.617459,7.1447,7.0197,10.011,1.299122,32,32,16
128,16,16,6,3,4,32,32,0,0,7.688667,7.4381,7.3517,8.712,0.571748,32,32,16
129,16,4,6,3,6,16,32,2,0,7.418639,6.5499,5.4442,12.2389,2.667443,32,32,16
130,16,16,6,3,6,8,16,2,0,7.697896,7.2423,7.1429,9.4248,0.970414,32,32,16
131,32,4,6,3,6,32,16,0,0,7.667824,7.1746,6.4243,9.4125,1.400527,64,64,32
132,32,4,6,3,6,8,32,0,0,7.766523,8.0958,6.7118,8.1064,0.606264,64,64,32
133,32,4,6,3,8,8,16,0,0,7.649102,6.9072,6.0391,9.778,1.743765,64,64,32
134,16,16,6,3,8,16,32,0,0,7.785579,7.6582,6.8612,8.8727,0.874786,32,32,16
135,16,4,6,2,8,16,32,0,0,7.8162,8.0607,6.9647,8.5969,0.640359,32,32,16
136,32,4,6,3,6,32,32,0,0,7.747957,8.2431,5.8867,9.4798,1.420168,64,64,32
137,32,4,6,3,8,32,8,0,0,7.782844,7.8237,5.9564,9.3533,1.352473,64,64,32
138,16,16,6,3,6,16,8,2,0,7.882113,7.7857,7.3883,8.6745,0.490321,32,32,16
139,32,4,6,3,6,8,8,2,0,7.853174,7.5618,6.8638,9.5208,1.021331,64,64,32
140,16,4,6,2,6,32,8,2,0,7.877123,7.8718,7.1924,9.3554,0.881657,32,32,16
141,16,4,6,2,8,16,8,0,0,7.808867,7.1425,6.9796,10.7168,1.59555,32,32,16
142,16,16,6,3,8,16,16,0,0,7.910956,7.632,7.0171,9.9257,1.140273,32,32,16
143,32,4,6,3,6,32,16,2,0,7.889108,8.2317,6.2958,9.8313,1.37702,64,64,32
144,32,4,6,3,6,32,8,0,0,7.880251,7.0416,6.5927,9.9298,1.655066,64,64,32
145,32,4,6,3,4,16,16,0,0,7.977555,8.0421,6.7303,9.1741,0.878567,64,64,32
146,16,16,6,3,8,32,16,0,0,7.986976,7.7017,7.3092,9.8957,1.051969,32,32,16
147,16,4,6,2,8,8,32,2,0,8.041153,7.9681,7.8195,8.4226,0.233317,32,32,16
148,16,4,6,2,6,8,8,2,0,8.026544,7.5118,7.1593,9.8285,1.080077,32,32,16
149,16,4,6,2,8,32,16,0,0,8.08399,7.9948,7.2918,8.8479,0.602349,32,32,16
150,16,16,6,3,6,16,32,2,0,8.086903,8.4084,7.4126,8.6207,0.574831,32,32,16
151,16,16,6,3,4,8,16,0,0,8.110032,8.0586,7.6832,8.6131,0.338385,32,32,16
152,16,4,6,2,6,32,16,0,0,8.065727,7.4772,7.0876,9.4353,1.124835,32,32,16
153,16,16,6,3,6,32,8,0,0,8.108858,8.2725,7.1751,8.8207,0.698402,32,32,16
154,16,4,6,2,6,8,32,0,0,8.080537,8.0893,7.0486,9.5301,1.098116,32,32,16
155,32,4,6,3,4,8,32,0,0,8.097581,8.3881,6.871,9.2557,0.940047,64,64,32
156,32,4,6,3,4,16,8,2,0,8.092535,8.4998,6.4241,8.936,1.014277,64,64,32
157,16,16,6,3,4,8,16,2,0,8.110675,7.8705,7.2244,9.9391,1.09493,32,32,16
158,16,16,6,3,6,32,16,0,0,8.157268,8.0062,7.3667,8.902,0.646283,32,32,16
159,32,4,6,3,6,32,32,2,0,8.054834,8.4876,6.2058,10.3116,1.637622,64,64,32
160,32,4,6,3,4,16,32,2,0,8.102751,8.7806,6.604,9.6649,1.426082,64,64,32
161,16,4,6,2,6,32,32,2,0,8.166533,8.2216,6.4504,10.3575,1.674813,32,32,16
162,16,16,6,3,8,32,32,0,0,8.068422,7.3443,6.823,12.8973,2.568234,32,32,16
163,16,4,6,2,6,8,8,0,0,8.305008,8.3032,7.6298,9.357,0.735771,32,32,16
164,32,4,6,3,6,16,32,2,0,8.201319,9.0114,5.6888,9.9758,1.649868,64,64,32
165,32,4,6,3,4,32,16,0,0,8.262824,8.9886,6.2987,9.4709,1.351424,64,64,32
166,16,16,6,3,6,8,16,0,0,8.345256,8.26,7.5999,8.8763,0.522113,32,32,16
167,16,4,6,2,6,16,16,2,0,8.308411,7.8567,7.103,10.2295,1.32944,32,32,16
168,32,4,6,3,8,8,32,0,0,8.331929,8.0827,6.6077,9.8344,1.296027,64,64,32
169,32,4,6,3,6,16,16,2,0,8.249465,8.8133,5.5657,10.7371,1.868801,64,64,32
170,32,4,6,3,6,16,8,2,0,8.352631,8.2656,6.5783,10.3276,1.3474,64,64,32
171,32,4,6,3,6,8,16,0,0,8.432152,8.3517,7.5559,9.0696,0.618644,64,64,32
172,16,16,6,3,4,16,32,0,0,8.200221,6.9784,6.6421,12.4491,2.495228,32,32,16
173,16,16,6,3,6,16,32,0,0,8.453732,8.0931,7.9343,9.1401,0.598814,32,32,16
174,16,16,6,3,8,8,8,0,0,8.472172,8.1018,7.6973,9.4922,0.827496,32,32,16
175,32,4,6,3,8,16,8,0,0,8.405558,9.2182,6.41,9.9921,1.467258,64,64,32
176,32,4,6,3,6,8,8,0,0,8.497822,8.9343,7.5675,9.0912,0.710672,64,64,32
177,32,4,6,3,8,32,8,2,0,8.444401,9.285,6.5921,9.4741,1.258617,64,64,32
178,16,16,6,3,6,8,8,2,0,8.457317,8.9931,6.8477,10.1113,1.285974,32,32,16
179,16,4,6,2,4,32,16,0,0,8.442697,7.7745,7.1963,11.5891,1.777065,32,32,16
180,32,4,6,3,8,16,32,0,0,8.551799,9.1103,7.2142,9.5099,1.009527,64,64,32
181,16,4,6,2,6,8,16,0,0,8.584041,8.6332,7.5685,9.4762,0.821066,32,32,16
182,32,4,6,3,6,16,8,0,0,8.573233,8.5297,6.974,10.1783,1.473238,64,64,32
183,32,4,6,3,4,32,8,2,0,8.648514,8.5385,7.6011,10.0758,0.902292,64,64,32
184,16,16,6,3,6,16,8,0,0,8.667537,8.2544,7.5468,10.0996,1.190474,32,32,16
185,16,16,6,3,8,32,8,2,0,8.630785,8.5511,6.7483,10.8446,1.679493,32,32,16
186,16,4,6,2,4,32,32,2,0,8.711914,8.3715,7.4984,11.1047,1.443707,32,32,16
187,16,16,6,3,4,8,32,0,0,8.782829,9.0132,7.8211,9.9933,0.84184,32,32,16
188,32,4,6,3,6,32,8,2,0,8.792045,8.9081,7.6151,10.0502,0.875487,64,64,32
189,16,16,6,3,6,16,16,2,0,8.797709,8.5167,7.8904,10.8388,1.17933,32,32,16
190,16,4,6,2,4,16,8,0,0,8.757187,7.9064,7.6799,11.1175,1.55743,32,32,16
191,32,4,6,3,4,8,8,0,0,8.802427,8.4724,7.4416,10.7134,1.338762,64,64,32
192,16,16,6,3,8,8,32,0,0,8.682991,7.3569,7.1648,12.0696,2.286674,32,32,16
193,32,4,6,3,8,16,16,0,0,8.839306,8.379,7.4455,10.6249,1.407639,64,64,32
194,32,4,6,3,4,32,16,2,0,8.942891,8.9207,8.6161,9.4155,0.316267,64,64,32
195,16,4,6,2,4,32,32,0,0,8.909126,9.1298,7.7655,10.9175,1.271548,32,32,16
196,32,4,6,3,6,8,16,2,0,8.954601,8.7204,8.2641,9.982,0.801798,64,64,32
197,32,4,6,3,4,32,8,0,0,8.938353,9.7531,7.2193,10.5908,1.623177,64,64,32
198,16,4,6,2,8,8,32,0,0,9.025591,8.6585,7.4753,12.2887,1.827427,32,32,16
199,32,4,6,3,4,32,32,2,0,9.021578,8.3331,7.2497,12.4927,2.067238,64,64,32
200,32,4,6,3,8,16,16,2,0,9.010835,9.7512,7.0027,11.9619,2.085099,64,64,32
201,16,16,6,3,6,8,32,0,0,9.147656,9.0043,8.0069,11.5851,1.389048,32,32,16
202,16,4,6,2,6,32,8,0,0,9.158255,9.1546,7.7168,11.9697,1.699897,32,32,16
203,16,16,6,3,6,8,32,2,0,9.262764,9.6851,8.0041,10.1287,0.948468,32,32,16
204,16,16,6,3,6,8,8,0,0,9.172389,8.8438,7.2821,12.5285,2.257437,32,32,16
205,16,16,6,3,4,8,8,2,0,9.13536,8.0938,7.0793,13.6347,2.759623,32,32,16
206,32,4,6,3,6,16,32,0,0,9.47079,10.1289,7.6733,10.656,1.316844,64,64,32
207,16,4,6,2,6,16,32,0,0,9.523599,9.0068,8.1259,11.9493,1.519948,32,32,16
208,16,16,6,3,4,8,8,0,0,9.640491,8.7467,8.183,13.0381,1.990135,32,32,16
209,16,4,6,2,6,16,32,2,0,9.72449,10.4875,7.892,11.4422,1.55717,32,32,16
210,32,4,6,3,8,8,32,2,0,9.805359,9.3247,9.2212,11.1476,0.84805,64,64,32
211,16,4,6,2,6,16,8,0,0,9.858975,10.0691,8.6603,10.4929,0.749393,32,32,16
212,32,4,6,3,4,8,32,2,0,9.8606,9.9149,8.445,11.3956,1.357171,64,64,32
213,16,4,6,2,6,16,16,0,0,9.926684,9.7653,7.9932,13.0091,1.913626,32,32,16
214,16,4,6,2,6,8,32,2,0,10.107326,10.2212,7.7635,12.1949,1.631428,32,32,16
215,32,16,6,3,4,32,8,2,0,10.65877,10.5355,10.3495,11.0577,0.289714,64,64,32
216,32,16,6,3,8,8,16,0,0,10.685962,10.6882,10.4542,10.9596,0.215615,64,64,32
217,32,16,6,3,8,32,8,0,0,10.722757,10.7182,10.4835,11.0373,0.199997,64,64,32
218,32,16,6,3,6,8,32,0,0,10.67206,10.8236,9.3933,12.6983,1.291713,64,64,32
219,32,16,6,3,8,8,8,2,0,10.731008,10.4229,10.2706,12.1001,0.760376,64,64,32
220,32,16,6,3,8,32,16,2,0,10.829985,11.0191,10.1412,11.2335,0.458812,64,64,32
221,32,16,6,3,8,16,32,2,0,10.835509,10.678,10.6086,11.392,0.321404,64,64,32
222,32,16,6,3,8,32,16,0,0,10.848653,10.7879,10.7539,11.096,0.141136,64,64,32
223,32,16,6,3,4,32,16,0,0,10.849475,10.781,10.5934,11.2074,0.242039,64,64,32
224,32,16,6,3,4,8,8,0,0,10.847218,10.9103,10.3966,11.2274,0.357063,64,64,32
225,32,16,6,3,4,8,16,2,0,10.856613,10.9741,10.5504,11.182,0.270788,64,64,32
226,32,16,6,3,4,16,16,0,0,10.87831,10.8051,10.7493,11.218,0.192958,64,64,32
227,32,16,6,3,8,16,8,0,0,10.942461,11.078,10.3787,11.1648,0.323492,64,64,32
228,32,16,6,3,4,16,8,2,0,10.957094,10.9671,10.7534,11.2623,0.204967,64,64,32
229,32,16,6,3,4,8,32,2,0,10.978452,10.7253,10.3721,12.4986,0.864796,64,64,32
230,32,16,6,3,4,8,8,2,0,10.997332,11.0535,10.4671,11.621,0.517233,64,64,32
231,32,16,6,3,8,16,16,2,0,11.052407,11.067,10.4466,11.9103,0.620413,64,64,32
232,32,16,6,3,8,16,8,2,0,11.088617,11.1046,10.6259,11.4824,0.393769,64,64,32
233,32,16,6,3,6,16,8,2,0,11.028491,10.5258,9.6498,12.8021,1.511328,64,64,32
234,32,16,6,3,6,16,16,0,0,11.102526,10.7742,9.7904,12.62,1.101886,64,64,32
235,32,16,6,3,8,16,16,0,0,11.137495,10.8904,10.7626,12.0621,0.531154,64,64,32
236,32,16,6,3,4,16,8,0,0,11.1462,11.1724,10.5371,11.669,0.425976,64,64,32
237,32,16,6,3,6,32,32,2,0,11.212568,11.2372,10.8609,11.6842,0.326137,64,64,32
238,32,16,6,3,8,8,8,0,0,11.227531,11.3121,10.7984,11.4614,0.268917,64,64,32
239,32,16,6,3,6,16,32,2,0,11.18756,10.7431,10.3225,13.6798,1.374381,64,64,32
240,32,16,6,3,6,16,16,2,0,11.25805,11.0257,10.229,12.6064,1.013221,64,64,32
241,32,16,6,3,4,8,16,0,0,11.283193,11.103,10.6858,12.2189,0.685452,64,64,32
242,32,16,6,3,4,16,32,2,0,11.301764,11.1579,10.8175,12.1137,0.515332,64,64,32
243,32,16,6,3,4,16,16,2,0,11.141812,10.424,9.938,15.6075,2.410915,64,64,32
244,32,16,6,3,6,32,8,2,0,11.310968,10.8299,10.5631,12.6242,0.923194,64,64,32
245,32,16,6,3,4,16,32,0,0,11.433157,11.1328,10.5541,13.2682,1.109301,64,64,32
246,32,16,6,3,6,8,32,2,0,11.408687,11.5291,9.4229,13.7584,1.577279,64,64,32
247,32,16,6,3,8,32,8,2,0,11.48966,11.5178,10.688,12.8222,0.856525,64,64,32
248,32,16,6,3,8,8,16,2,0,11.536356,11.2927,11.0863,12.3571,0.534216,64,64,32
249,32,16,6,3,4,8,32,0,0,11.561279,11.3302,10.8715,12.4155,0.630204,64,64,32
250,32,16,6,3,6,16,8,0,0,11.390222,11.7602,9.0049,15.6395,2.582918,64,64,32
251,32,16,6,3,4,32,8,0,0,11.62197,11.6117,11.3421,11.8244,0.183927,64,64,32
252,32,16,6,3,4,32,16,2,0,11.61874,11.4964,10.6633,13.1671,0.956734,64,64,32
253,16,4,6,2,6,16,8,2,0,11.602045,10.6311,10.2925,14.5139,1.840697,32,32,16
254,32,16,6,3,6,32,8,0,0,11.698368,10.9572,10.6451,13.5689,1.333967,64,64,32
255,16,4,12,3,4,8,16,2,0,11.852169,11.8244,11.555,12.2029,0.25165,32,32,16
256,32,16,6,3,4,32,32,0,0,11.926597,11.9245,9.7838,16.4501,2.696991,64,64,32
257,32,16,6,3,6,16,32,0,0,12.148928,11.5615,11.3306,14.2705,1.22398,64,64,32
258,32,16,6,3,4,32,32,2,0,12.224803,12.2056,11.0717,13.4505,0.865442,64,64,32
259,32,4,6,2,4,8,16,0,0,12.280413,12.054,11.8275,12.9238,0.46556,64,64,32
260,32,16,6,3,8,8,32,0,0,12.18402,11.1902,11.0518,17.0807,2.633686,64,64,32
261,16,16,6,3,6,16,16,0,0,12.261806,12.7559,9.7512,14.7061,1.888436,32,32,16
262,32,16,6,3,8,8,32,2,0,12.273434,11.6846,10.9885,15.8343,1.958083,64,64,32
263,32,16,6,3,6,8,16,2,0,12.302828,11.2451,9.2827,16.0659,2.91133,64,64,32
264,32,16,6,3,8,16,32,0,0,12.670396,12.4219,11.525,13.7317,0.966068,64,64,32
265,32,16,6,3,6,32,32,0,0,12.807784,12.8954,11.5139,14.4294,1.243243,64,64,32
266,16,4,12,3,4,16,8,2,0,12.975465,12.9581,12.5245,13.826,0.526272,32,32,16
267,32,4,6,2,6,16,16,2,0,12.970808,12.8002,12.1397,14.1971,0.820893,64,64,32
268,16,4,12,3,4,8,16,0,0,13.034964,12.9004,12.424,14.1528,0.658823,32,32,16
269,32,4,6,2,4,8,8,0,0,13.02733,12.4468,12.1531,15.6469,1.457227,64,64,32
270,32,16,6,3,8,32,32,2,0,13.110373,12.4773,11.407,18.0477,2.717527,64,64,32
271,16,4,12,3,4,8,8,2,0,13.308267,12.8918,12.6048,15.2239,1.078037,32,32,16
272,16,4,12,3,8,32,8,2,0,13.351205,13.3284,12.8044,14.372,0.621928,32,32,16
273,16,4,12,3,6,32,16,0,0,13.419933,13.4756,13.0823,13.585,0.205248,32,32,16
274,32,4,6,2,8,32,16,2,0,13.491834,13.2208,12.5869,15.4707,1.189577,64,64,32
275,16,16,6,2,8,8,16,2,0,13.499522,12.8115,12.5362,15.8788,1.378359,32,32,16
276,16,4,12,3,4,16,32,2,0,13.5559,13.4778,13.111,14.0684,0.349968,32,32,16
277,16,16,6,2,4,32,16,2,0,13.626457,13.4633,13.2901,14.4962,0.490609,32,32,16
278,16,16,6,2,6,16,16,2,0,13.648179,13.7053,13.2342,14.1474,0.361571,32,32,16
279,16,16,6,2,4,8,32,2,0,13.656946,13.402,12.9318,14.7609,0.791105,32,32,16
280,32,4,6,2,4,8,16,2,0,13.587225,13.5398,11.8236,16.5739,1.967129,64,64,32
281,16,4,12,3,4,16,16,2,0,13.692641,13.4402,12.3899,15.0016,0.994413,32,32,16
282,32,4,6,2,6,32,8,0,0,13.468818,12.1608,10.833,17.3078,3.036588,64,64,32
283,32,16,6,3,6,8,8,0,0,13.73979,13.2823,12.0345,17.2977,2.06136,64,64,32
284,16,4,12,3,4,32,16,2,0,13.834269,13.3809,13.1184,15.0416,0.837541,32,32,16
285,16,16,6,2,8,16,8,2,0,13.850193,13.598,13.0221,15.0521,0.93974,32,32,16
286,16,4,12,3,4,8,8,0,0,13.895427,13.7328,13.3049,14.9827,0.6318,32,32,16
287,16,4,12,3,4,16,16,0,0,13.95862,14.1229,12.9621,14.6167,0.625841,32,32,16
288,16,16,6,2,6,16,8,2,0,13.988572,14.1314,13.0728,15.0798,0.819505,32,32,16
289,16,4,12,3,4,32,16,0,0,14.052122,13.9951,13.4183,14.8233,0.590537,32,32,16
290,32,4,6,2,4,8,8,2,0,13.981524,13.2426,12.6133,16.6636,1.778636,64,64,32
291,16,64,6,3,8,32,16,2,0,14.115302,13.9073,13.3997,14.9134,0.655909,32,32,16
292,16,64,6,3,8,16,16,2,0,14.137767,13.9631,13.6977,14.6424,0.422823,32,32,16
293,16,4,12,3,6,32,16,2,0,14.1295,13.9223,12.8902,16.4122,1.349262,32,32,16
294,16,4,12,3,6,32,8,2,0,14.189901,14.1434,13.7746,14.803,0.374231,32,32,16
295,16,16,6,2,8,16,16,0,0,14.176386,13.917,13.1413,15.2716,0.875264,32,32,16
296,32,16,6,3,6,32,16,0,0,14.033544,14.8939,11.469,18.3232,2.820237,64,64,32
297,16,64,6,3,6,8,32,2,0,14.248079,14.0922,13.8611,14.7353,0.42236,32,32,16
298,16,64,6,3,4,32,16,2,0,14.259476,14.2304,13.9261,14.6534,0.271689,32,32,16
299,16,4,12,3,8,32,16,2,0,14.251027,13.8616,12.8562,17.6519,1.949997,32,32,16
300,16,16,6,2,8,8,8,2,0,14.351269,14.4684,13.0246,15.3604,0.842934,32,32,16
301,16,16,6,2,4,16,16,2,0,14.325211,14.1618,12.7172,16.1751,1.394794,32,32,16
302,32,4,6,2,4,16,16,2,0,14.291227,14.4017,12.1981,16.8606,2.116426,64,64,32
303,16,16,6,2,8,16,16,2,0,14.378768,13.8558,13.1402,16.0073,1.300231,32,32,16
304,16,16,6,2,6,32,16,2,0,14.363695,14.0134,13.3049,17.1119,1.55968,32,32,16
305,16,4,12,3,4,32,32,0,0,14.441228,14.303,13.6563,15.7214,0.809368,32,32,16
306,16,64,6,3,6,8,8,2,0,14.463291,14.336,14.1236,14.9111,0.320705,32,32,16
307,32,4,6,2,6,8,32,2,0,14.477217,14.3794,14.0176,14.9412,0.370244,64,64,32
308,16,16,6,2,8,8,16,0,0,14.491201,14.4102,13.6838,16.0306,0.962324,32,32,16
309,16,16,6,2,6,32,8,2,0,14.461163,13.9383,13.3158,16.7228,1.464722,32,32,16
310,32,4,6,2,6,32,32,2,0,14.470192,13.9453,13.0893,16.6298,1.392559,64,64,32
311,16,4,12,3,6,32,8,0,0,14.545535,14.7403,13.4166,15.2359,0.743313,32,32,16
312,16,16,6,2,8,16,8,0,0,14.527522,13.9268,13.7848,16.8062,1.285979,32,32,16
313,32,16,6,3,6,8,8,2,0,14.533341,13.7544,13.5012,17.0487,1.534813,64,64,32
314,16,4,12,3,4,16,8,0,0,14.574104,14.0794,13.4121,16.4235,1.335316,32,32,16
315,16,64,6,3,4,32,8,2,0,14.618618,14.2922,13.8181,16.0343,0.932404,32,32,16
316,32,16,6,3,8,32,32,0,0,14.394927,12.8328,12.5268,20.4591,3.363685,64,64,32
317,16,64,6,3,4,16,16,2,0,14.695062,14.2271,13.836,15.871,1.009727,32,32,16
318,16,4,12,3,4,32,8,2,0,14.684834,15.05,12.7709,15.8964,1.179773,32,32,16
319,16,16,6,2,4,16,8,2,0,14.734521,14.3576,14.1876,15.7957,0.68989,32,32,16
320,16,64,6,3,8,8,32,2,0,14.752074,14.6768,14.0057,15.7785,0.770368,32,32,16
321,16,4,12,3,6,8,8,2,0,14.781245,14.6081,14.1431,16.3131,0.892455,32,32,16
322,16,16,6,2,8,8,8,0,0,14.822679,14.9884,13.9346,15.6397,0.833624,32,32,16
323,32,4,6,2,4,8,32,2,0,14.452386,13.0744,11.7926,22.1087,4.167892,64,64,32
324,16,16,6,2,4,32,32,2,0,14.769416,14.2755,13.3448,17.877,1.889147,32,32,16
325,16,64,6,3,8,32,8,2,0,14.890121,14.3983,14.2104,16.2856,0.878016,32,32,16
326,16,64,6,3,8,16,32,2,0,14.910171,15.1862,14.343,15.415,0.492593,32,32,16
327,16,16,6,2,6,8,8,2,0,14.913042,14.6426,14.2275,16.0368,0.742555,32,32,16
328,16,4,12,3,8,32,16,0,0,14.935785,14.7937,13.602,16.3005,1.020507,32,32,16
329,32,4,6,2,6,8,8,0,0,14.943083,15.1242,13.8198,16.2401,0.9304,64,64,32
330,16,4,12,3,8,32,8,0,0,14.946275,14.7745,13.934,16.8906,1.201646,32,32,16
331,16,64,6,3,6,16,16,2,0,15.032496,14.8817,14.7249,15.6129,0.369116,32,32,16
332,16,16,6,2,4,8,16,2,0,14.982962,14.4177,13.5323,16.9474,1.512024,32,32,16
333,16,16,6,2,6,16,32,0,0,15.055521,14.9486,14.3278,16.4124,0.806218,32,32,16
334,16,64,6,3,4,32,32,2,0,15.075569,15.218,14.6429,15.3979,0.299273,32,32,16
335,16,4,12,3,6,16,16,0,0,15.082297,15.4309,14.3382,15.4943,0.525721,32,32,16
336,16,16,6,2,4,16,16,0,0,15.039877,14.2781,13.8759,17.0014,1.400727,32,32,16
337,16,64,6,3,8,8,8,2,0,15.090992,15.251,14.2631,15.7282,0.53857,32,32,16
338,32,4,6,2,6,32,16,2,0,15.09035,15.0583,13.7247,16.7311,1.116689,64,64,32
339,16,4,12,3,4,8,32,2,0,15.075921,14.6466,13.5478,17.1416,1.368755,32,32,16
340,16,64,6,3,4,8,32,2,0,15.139084,14.9588,14.6705,16.17,0.59501,32,32,16
341,16,4,12,3,8,16,16,2,0,15.12668,15.346,14.1244,16.4209,0.970172,32,32,16
342,16,4,12,3,6,16,16,2,0,15.142347,15.2972,13.9845,16.2416,0.934035,32,32,16
343,16,16,6,2,6,32,16,0,0,15.17136,15.181,13.9522,16.5435,0.918966,32,32,16
344,16,16,6,2,6,32,32,2,0,15.167124,15.0742,13.8976,16.8235,1.060924,32,32,16
345,16,4,12,3,8,16,32,0,0,15.189889,15.1007,14.1732,16.268,0.801623,32,32,16
346,32,4,6,2,4,16,32,0,0,15.223588,15.3867,14.0916,16.1164,0.787206,64,64,32
347,16,4,12,3,4,32,8,0,0,15.193056,14.8422,14.0562,17.7113,1.444306,32,32,16
348,16,16,6,2,8,32,16,2,0,15.231787,15.6605,13.8717,16.2465,0.963797,32,32,16
349,32,4,6,2,8,16,16,0,0,15.239314,15.0987,14.157,16.6593,1.082799,64,64,32
350,16,64,6,3,6,32,32,2,0,15.30212,15.1638,14.7257,16.4499,0.701527,32,32,16
351,16,64,6,3,8,8,16,2,0,15.308093,15.5987,14.2025,15.9928,0.707181,32,32,16
352,32,4,6,2,6,16,16,0,0,14.758295,13.9982,10.8221,24.0106,5.081075,64,64,32
353,16,4,12,3,8,32,32,0,0,15.291548,14.8879,14.1485,17.9013,1.467348,32,32,16
354,16,64,6,3,6,32,16,2,0,15.346005,15.4554,14.5282,15.8023,0.498144,32,32,16
355,16,16,6,2,8,8,32,2,0,15.177072,14.7375,12.9774,20.2038,2.822715,32,32,16
356,16,16,6,2,6,32,32,0,0,15.363296,15.3413,14.7379,16.1737,0.527045,32,32,16
357,16,64,6,3,6,16,32,2,0,15.381523,15.4071,14.4395,15.9139,0.595473,32,32,16
358,16,16,6,2,8,16,32,2,0,15.418685,15.2955,14.0268,16.6705,1.172195,32,32,16
359,16,4,12,3,4,16,32,0,0,15.47551,15.603,14.4555,16.3438,0.774122,32,32,16
360,32,4,6,2,6,32,16,0,0,15.396666,15.2509,13.2728,18.6805,2.212908,64,64,32
361,16,16,6,2,8,32,8,2,0,15.544999,15.0883,14.3168,18.1274,1.55062,32,32,16
362,32,4,6,2,8,16,16,2,0,15.464294,15.6509,12.9034,18.2196,2.403878,64,64,32
363,16,16,6,2,4,8,8,0,0,15.649093,15.3459,14.659,16.9207,1.048817,32,32,16
364,32,16,6,3,6,32,16,2,0,15.591167,15.5436,13.2708,18.4364,1.865233,64,64,32
365,16,4,12,3,8,16,32,2,0,15.626215,15.2058,14.4024,18.8736,1.806074,32,32,16
366,16,64,6,3,6,16,8,0,0,15.711238,15.6139,15.1053,16.5865,0.609354,32,32,16
367,16,64,6,3,6,8,16,2,0,15.723917,15.5971,15.3126,16.2911,0.37043,32,32,16
368,16,64,6,3,6,32,8,2,0,15.700554,15.4167,14.8899,17.5414,1.089585,32,32,16
369,16,16,6,2,6,16,8,0,0,15.715837,16.265,14.1491,17.0208,1.188737,32,32,16
370,16,4,12,3,4,8,32,0,0,15.401752,14.3869,13.0021,23.1755,4.239782,32,32,16
371,16,16,6,2,6,8,16,2,0,15.717519,15.6825,13.7495,19.0031,1.957728,32,32,16
372,16,64,6,3,4,32,16,0,0,15.818616,15.7146,15.2845,16.3316,0.418268,32,32,16
373,16,16,6,2,6,32,8,0,0,15.723747,15.9891,13.781,19.3034,2.20788,32,32,16
374,16,16,6,2,6,8,8,0,0,15.726725,14.6575,13.8763,19.3752,2.256815,32,32,16
375,16,4,12,3,8,8,16,2,0,15.812814,14.8867,14.3754,17.7753,1.611201,32,32,16
376,16,16,6,2,4,32,16,0,0,15.858487,15.402,15.0026,17.5302,1.055352,32,32,16
377,16,64,6,3,4,16,32,2,0,15.874113,15.9844,14.2976,17.1555,1.06976,32,32,16
378,32,4,6,2,8,32,16,0,0,15.692769,16.1229,12.6921,19.4335,2.885877,64,64,32
379,32,16,6,3,6,8,16,0,0,15.777735,16.7925,13.1129,18.6226,2.239138,64,64,32
380,16,4,12,3,6,8,8,0,0,15.873966,15.9471,14.6829,17.4107,1.202868,32,32,16
381,32,4,6,2,4,8,32,0,0,15.757459,15.2722,12.8506,19.216,2.530321,64,64,32
382,32,4,6,2,8,16,8,0,0,15.818853,16.3328,12.9007,18.0296,1.933259,64,64,32
383,16,64,6,3,8,16,16,0,0,15.932189,15.7571,15.7057,16.5679,0.361998,32,32,16
384,32,4,6,2,4,16,16,0,0,15.80936,14.9748,13.9126,19.9778,2.367599,64,64,32
385,16,16,6,2,4,16,8,0,0,15.81447,15.3352,13.8973,19.6027,2.384576,32,32,16
386,16,16,6,2,4,16,32,2,0,15.798154,14.6222,13.1986,20.0449,2.743706,32,32,16
387,16,64,6,3,8,8,32,0,0,15.992589,16.0295,15.7353,16.2035,0.179869,32,32,16
388,32,4,6,2,4,32,16,2,0,15.914523,15.7644,13.3691,18.914,2.062099,64,64,32
389,32,4,6,2,6,8,32,0,0,15.982458,16.6481,13.3872,17.3101,1.622161,64,64,32
390,16,4,12,3,6,16,8,2,0,15.999227,15.5556,14.4841,17.9822,1.615989,32,32,16
391,16,64,6,3,4,16,8,2,0,16.042606,15.9469,15.0232,17.9315,1.175927,32,32,16
392,16,4,12,3,6,8,16,2,0,16.073759,16.4439,14.244,18.0105,1.595911,32,32,16
393,16,4,12,3,6,16,32,0,0,16.133745,15.963,15.5041,16.774,0.537917,32,32,16
394,16,64,6,3,6,16,8,2,0,16.152707,15.6291,14.7632,17.7956,1.405165,32,32,16
395,32,4,6,2,8,32,8,2,0,16.172866,15.8916,15.0185,17.7751,1.190946,64,64,32
396,16,16,6,2,6,8,32,0,0,16.045445,15.8137,13.7278,20.3897,2.721971,32,32,16
397,16,64,6,3,6,32,16,0,0,16.205532,16.3236,15.2614,17.0787,0.82665,32,32,16
398,16,64,6,3,8,16,8,2,0,16.225941,16.3684,15.5438,16.5691,0.402248,32,32,16
399,32,4,6,2,4,32,32,2,0,16.173446,16.2221,14.3462,18.0831,1.57997,64,64,32
400,16,4,12,3,8,16,16,0,0,16.249091,16.3223,15.0883,17.0028,0.717245,32,32,16
401,16,16,6,2,8,16,32,0,0,16.208338,16.9999,13.9652,18.2953,1.758615,32,32,16
402,32,4,6,2,6,16,8,0,0,16.291865,15.867,15.2999,18.8335,1.4186,64,64,32
403,32,4,6,2,8,32,32,2,0,16.165499,15.7285,12.9518,19.8862,2.794982,64,64,32
404,32,4,6,2,8,32,32,0,0,16.244149,15.6734,13.9913,20.2264,2.326384,64,64,32
405,32,4,6,2,6,8,8,2,0,16.197824,17.8251,12.1445,18.3408,2.683333,64,64,32
406,16,64,6,3,4,8,16,2,0,16.279513,15.3451,14.8996,20.7694,2.47211,32,32,16
407,16,64,6,3,8,32,16,0,0,16.432032,16.0717,15.8337,17.9793,0.876146,32,32,16
408,32,4,6,2,6,16,8,2,0,16.304353,16.973,13.4428,20.0857,2.526138,64,64,32
409,16,64,6,3,4,32,8,0,0,16.520696,16.5143,16.0544,16.9803,0.329053,32,32,16
410,32,4,6,2,6,32,8,2,0,16.479858,15.8438,14.6976,18.7089,1.660217,64,64,32
411,32,4,6,2,4,32,16,0,0,16.507519,16.2679,15.341,18.4611,1.321189,64,64,32
412,32,4,6,2,4,16,8,0,0,16.509904,16.5408,14.7512,19.1298,1.732816,64,64,32
413,16,16,6,2,8,8,32,0,0,16.531513,16.8611,14.081,18.8613,1.814101,32,32,16
414,32,4,6,2,6,16,32,0,0,16.505144,16.007,14.2244,19.6138,2.140617,64,64,32
415,16,16,6,2,4,8,32,0,0,16.590336,16.5194,15.3159,18.0074,1.018476,32,32,16
416,16,16,6,2,4,32,8,2,0,16.473568,16.9693,13.4629,19.7951,2.682516,32,32,16
417,16,16,6,2,8,32,8,0,0,16.66006,16.6024,15.8939,17.6791,0.811115,32,32,16
418,32,4,6,2,8,8,16,2,0,16.634676,17.1183,14.9402,18.6635,1.605605,64,64,32
419,32,4,6,2,6,32,32,0,0,16.623137,16.3316,14.8705,18.5895,1.797151,64,64,32
420,16,4,12,3,6,16,32,2,0,16.652682,16.0977,15.1373,18.604,1.581695,32,32,16
421,16,64,6,3,4,16,32,0,0,16.693261,16.2198,16.0779,18.7143,1.120859,32,32,16
422,32,4,6,2,4,32,8,2,0,16.622465,17.5862,13.5784,18.7226,2.020128,64,64,32
423,32,4,6,2,8,16,32,2,0,16.665436,15.8902,15.2244,19.5494,1.768465,64,64,32
424,32,4,6,2,6,16,32,2,0,16.529956,15.5933,14.3513,23.0121,3.531394,64,64,32
425,16,4,12,3,8,8,32,2,0,16.701632,16.6703,14.3183,19.6485,1.981414,32,32,16
426,16,16,6,2,6,8,16,0,0,16.821857,16.6654,15.7915,18.1103,0.867573,32,32,16
427,32,4,6,2,8,8,8,0,0,16.825921,16.8961,15.6197,17.5481,0.798099,64,64,32
428,32,4,6,2,8,8,32,2,0,16.937196,16.6716,16.0327,18.3024,0.852006,64,64,32
429,16,4,12,3,6,32,32,0,0,16.866895,16.6858,14.0648,18.7835,1.936808,32,32,16
430,16,16,6,2,4,32,32,0,0,16.626508,15.06,14.5485,24.2984,4.127193,32,32,16
431,16,64,6,3,8,32,8,0,0,16.961533,17.0545,16.2399,17.7944,0.607033,32,32,16
432,16,64,6,3,8,32,32,0,0,16.977548,16.848,16.0122,17.9716,0.777783,32,32,16
433,32,4,6,2,4,16,32,2,0,16.89759,17.0643,13.8653,18.8376,2.007623,64,64,32
434,16,64,6,3,8,8,8,0,0,16.983186,17.1561,15.7164,17.8813,0.840128,32,32,16
435,16,64,6,3,6,8,8,0,0,16.994537,16.5324,15.915,19.2703,1.322973,32,32,16
436,16,64,6,3,8,8,16,0,0,17.086994,17.4516,15.7891,18.3058,1.230803,32,32,16
437,16,16,6,2,6,16,16,0,0,16.674388,15.1117,14.5415,25.9562,4.944745,32,32,16
438,16,4,12,3,4,32,32,2,0,16.997788,18.1922,14.156,20.0951,2.491198,32,32,16
439,32,4,6,2,4,32,8,0,0,16.995699,17.1191,13.517,20.3018,2.53821,64,64,32
440,16,4,12,3,6,8,16,0,0,17.030543,17.1211,13.8376,19.7847,2.256787,32,32,16
441,16,16,6,2,6,16,32,2,0,16.615317,13.9367,12.8343,23.8497,5.074801,32,32,16
442,16,64,6,3,8,32,32,2,0,17.184324,17.3016,16.1942,18.0727,0.826193,32,32,16
443,16,64,6,3,4,32,32,0,0,17.198294,17.5379,15.8757,18.1498,0.982699,32,32,16
444,32,4,6,2,8,16,32,0,0,17.195192,17.5864,14.7054,18.6135,1.540448,64,64,32
445,16,64,6,3,4,16,8,0,0,17.263384,17.2144,16.0036,18.9079,1.306909,32,32,16
446,16,16,6,2,6,8,32,2,0,17.034689,17.1584,13.576,22.9287,3.57544,32,32,16
447,32,4,6,2,8,16,8,2,0,17.276011,17.7658,14.699,19.4891,1.760317,64,64,32
448,32,4,6,2,4,16,8,2,0,17.161006,17.3787,13.0973,23.3326,3.743703,64,64,32
449,16,16,6,2,4,8,8,2,0,17.212833,16.3008,14.4301,23.2101,3.580084,32,32,16
450,32,4,6,2,4,32,32,0,0,17.387607,16.996,15.166,21.1064,2.256948,64,64,32
451,16,64,6,3,6,32,32,0,0,17.401143,16.6034,16.0069,21.9011,2.474702,32,32,16
452,16,64,6,3,4,8,32,0,0,17.489108,17.2222,15.9853,20.7355,1.867275,32,32,16
453,16,64,6,3,6,8,16,0,0,17.562131,17.8479,16.4978,18.2682,0.718718,32,32,16
454,16,4,12,3,8,8,32,0,0,17.579824,18.0507,15.9996,18.6735,1.073172,32,32,16
455,32,4,6,2,8,8,8,2,0,17.491824,17.9484,15.0038,19.8342,2.266271,64,64,32
456,16,64,6,3,8,16,32,0,0,17.610752,17.1894,16.8823,19.498,1.0665,32,32,16
457,32,4,6,2,6,8,16,2,0,17.565165,17.5635,15.5769,20.3101,2.107048,64,64,32
458,16,4,12,3,8,32,32,2,0,17.239517,16.2183,14.1814,25.8409,4.725792,32,32,16
459,16,16,6,2,8,32,32,2,0,17.646925,18.6994,15.2982,18.9638,1.628159,32,32,16
460,16,4,12,3,8,16,8,2,0,17.687497,18.0741,14.9977,20.1648,1.850463,32,32,16
461,16,4,12,3,6,32,32,2,0,17.772956,16.9964,16.4912,21.0085,1.823423,32,32,16
462,16,64,6,3,4,8,8,2,0,17.828398,17.8755,16.9973,19.1911,0.879555,32,32,16
463,16,64,6,3,4,16,16,0,0,17.849375,17.7176,16.5102,19.1199,1.06942,32,32,16
464,16,64,6,3,6,8,32,0,0,17.869353,17.8687,16.8495,19.0708,0.869796,32,32,16
465,16,64,6,3,6,16,32,0,0,17.92439,18.2706,16.6133,19.2713,1.057146,32,32,16
466,16,16,6,2,8,32,16,0,0,17.905233,17.1439,15.9206,22.6363,2.630198,32,32,16
467,16,4,12,3,8,8,8,0,0,18.019969,17.9488,15.8873,20.0036,1.525501,32,32,16
468,16,64,6,3,6,32,8,0,0,17.9896,17.417,15.9514,22.168,2.420523,32,32,16
469,32,4,6,2,8,32,8,0,0,18.072505,18.3348,16.0185,20.1135,1.719474,64,64,32
470,16,64,6,3,6,16,16,0,0,18.329832,17.5581,16.406,20.5775,1.994813,32,32,16
471,16,64,6,3,8,16,8,0,0,18.249111,17.1324,15.2177,24.5709,3.585489,32,32,16
472,32,4,6,2,8,8,16,0,0,18.430508,17.6224,16.714,23.1872,2.61797,64,64,32
473,16,4,12,3,6,8,32,2,0,18.486045,19.0298,15.6943,20.9469,2.131219,32,32,16
474,16,4,12,3,6,16,8,0,0,18.592471,19.386,16.1264,21.1127,2.186647,32,32,16
475,16,16,6,2,4,32,8,0,0,18.251265,15.4606,14.6706,24.7815,5.120612,32,32,16
476,32,4,6,2,6,8,16,0,0,18.709987,18.1608,15.916,24.0072,3.027564,64,64,32
477,32,4,6,2,8,8,32,0,0,19.23004,19.0644,18.3643,20.218,0.693617,64,64,32
478,16,4,12,3,8,16,8,0,0,19.458034,19.5996,17.5224,20.8711,1.356629,32,32,16
479,16,4,12,3,6,8,32,0,0,19.565849,18.8313,17.9611,21.351,1.519962,32,32,16
480,16,4,12,3,8,8,16,0,0,19.487936,17.5643,16.3991,26.9031,4.407496,32,32,16
481,16,64,6,3,4,8,8,0,0,20.27444,20.4237,18.5596,23.6222,2.061333,32,32,16
482,32,16,6,2,6,16,16,2,0,20.474994,20.4514,19.1494,22.1503,1.101291,64,64,32
483,16,64,6,3,4,8,16,0,0,20.720013,21.1268,19.0823,23.2083,1.707021,32,32,16
484,32,16,6,2,4,8,16,2,0,20.767258,21.7969,17.8913,23.0015,2.118622,64,64,32
485,32,16,6,2,8,8,32,0,0,20.886471,20.918,19.9092,21.9848,0.763677,64,64,32
486,16,4,12,3,8,8,8,2,0,20.864644,20.7504,19.1293,22.7949,1.779214,32,32,16
487,32,16,6,2,6,16,32,2,0,20.996938,20.7295,19.9398,22.2365,0.908484,64,64,32
488,32,16,6,2,6,8,32,2,0,21.019458,20.3369,20.1033,23.3691,1.360978,64,64,32
489,32,16,6,2,4,16,16,0,0,21.053426,20.9978,19.1268,23.4393,1.568047,64,64,32
490,32,16,6,2,8,16,32,0,0,21.2921,20.9921,20.4909,22.9812,0.968225,64,64,32
491,32,16,6,2,8,8,32,2,0,21.31222,21.3357,21.1201,21.4791,0.163152,64,64,32
492,32,16,6,2,8,8,16,2,0,21.460686,21.7094,20.1198,22.6742,1.011884,64,64,32
493,32,16,6,2,6,16,32,0,0,21.49246,21.6886,20.7934,22.3593,0.687558,64,64,32
494,32,16,6,2,4,16,8,0,0,21.323308,20.2419,18.4149,29.1077,4.2862,64,64,32
495,32,16,6,2,6,32,16,0,0,21.721992,21.2872,20.8843,23.3168,1.02084,64,64,32
496,16,16,6,2,8,32,32,0,0,21.593517,22.9139,17.0622,23.8101,2.799436,32,32,16
497,32,16,6,2,6,8,16,0,0,21.76548,21.6419,21.5446,22.2327,0.292386,64,64,32
498,32,16,6,2,4,32,16,2,0,21.864799,21.807,21.0395,22.9216,0.73144,64,64,32
499,32,16,6,2,8,32,16,2,0,21.920028,21.6751,20.7181,23.0514,1.036974,64,64,32
500,32,16,6,2,8,16,8,2,0,21.96261,21.8487,21.7811,22.4413,0.273606,64,64,32
501,32,16,6,2,8,32,32,2,0,21.970035,21.5781,20.9053,24.6579,1.509587,64,64,32
502,32,16,6,2,6,32,32,0,0,22.049242,21.9273,21.5179,22.9638,0.550379,64,64,32
503,32,16,6,2,4,32,32,2,0,22.085774,22.9512,19.9025,23.3909,1.502034,64,64,32
504,16,16,12,3,8,32,16,2,0,22.123675,21.4746,20.8174,23.961,1.350068,32,32,16
505,32,16,6,2,8,16,16,2,0,22.201232,22.3997,21.7186,22.4773,0.331202,64,64,32
506,16,16,12,3,8,8,32,2,0,22.196048,22.4868,20.8178,23.4375,1.273966,32,32,16
507,16,16,12,3,8,16,8,2,0,22.25526,21.9348,21.8064,23.7411,0.829531,32,32,16
508,16,16,6,2,4,8,16,0,0,22.201661,22.6806,18.8754,24.1019,2.002529,32,32,16
509,32,16,6,2,4,8,8,2,0,22.114228,21.2361,18.711,27.0657,3.201369,64,64,32
510,32,16,6,2,8,16,8,0,0,22.267989,22.22,20.8535,24.0676,1.182598,64,64,32
511,32,16,6,2,6,16,8,0,0,22.308187,21.6503,21.5973,23.8383,1.009714,64,64,32
512,32,16,6,2,6,32,16,2,0,22.296843,22.6789,20.9288,23.8347,1.30266,64,64,32
513,32,4,12,3,8,32,32,0,0,22.39195,22.4829,21.0196,23.9012,1.371358,64,64,32
514,32,16,6,2,4,16,8,2,0,22.422598,22.8653,20.8098,23.3642,0.998958,64,64,32
515,32,16,6,2,6,8,8,0,0,22.485855,22.544,20.6911,23.9516,1.178493,64,64,32
516,32,16,6,2,4,32,32,0,0,22.559529,22.7397,21.3387,23.6596,0.864396,64,64,32
517,16,16,12,3,6,8,32,2,0,22.545247,22.1814,21.2364,24.7653,1.336042,32,32,16
518,16,16,12,3,6,16,8,2,0,22.561131,22.4721,21.132,24.0861,1.058456,32,32,16
519,32,16,6,2,6,32,8,2,0,22.686114,22.7939,22.028,23.0447,0.401061,64,64,32
520,32,4,12,3,4,16,16,2,0,22.67494,22.2895,21.5643,23.867,0.949631,64,64,32
521,32,16,6,2,4,8,32,0,0,22.57422,22.5542,19.255,26.723,2.688945,64,64,32
522,32,16,6,2,6,16,16,0,0,22.781086,23.2424,21.5215,24.2834,1.205753,64,64,32
523,32,16,6,2,6,16,8,2,0,22.789205,22.8292,20.9682,24.432,1.254123,64,64,32
524,32,16,6,2,6,8,8,2,0,22.80572,23.2537,21.1436,23.6021,0.975685,64,64,32
525,16,16,12,3,6,32,32,2,0,23.028689,22.9324,21.9957,24.4287,0.89418,32,32,16
526,32,16,6,2,4,8,32,2,0,22.811253,21.1537,19.9953,30.5923,4.298765,64,64,32
527,32,16,6,2,6,8,32,0,0,23.106789,23.1158,23.0212,23.2417,0.0872,64,64,32
528,16,16,12,3,8,32,8,2,0,23.032657,22.4054,20.7012,27.7754,2.691691,32,32,16
529,32,16,6,2,4,32,8,0,0,23.141923,23.3176,21.9874,24.2446,0.971137,64,64,32
530,32,4,12,3,6,8,32,2,0,23.153078,22.9104,22.0278,25.3101,1.274431,64,64,32
531,32,16,6,2,4,8,16,0,0,22.937739,25.1234,18.4099,26.9558,4.168882,64,64,32
532,32,16,6,2,4,16,32,2,0,23.364528,23.7203,22.0538,25.2413,1.308305,64,64,32
533,16,16,12,3,4,16,32,2,0,23.34466,22.8246,21.5024,26.6475,1.97536,32,32,16
534,16,16,12,3,8,8,8,2,0,23.400635,23.3609,22.4709,24.6012,0.808536,32,32,16
535,16,16,12,3,8,32,32,2,0,23.410254,22.7447,22.3277,25.1825,1.239693,32,32,16
536,32,16,6,2,8,8,8,2,0,23.47552,23.3649,22.5723,24.4743,0.703181,64,64,32
537,16,16,12,3,4,16,16,2,0,23.535128,23.7336,22.2615,24.4538,0.819269,32,32,16
538,32,16,6,2,8,8,8,0,0,23.561763,23.642,21.7867,24.9807,1.160757,64,64,32
539,16,16,12,3,8,8,32,0,0,23.588332,23.3986,22.5285,24.4052,0.791054,32,32,16
540,32,4,12,3,6,16,8,2,0,23.625161,22.9306,22.7571,25.1673,1.10869,64,64,32
541,32,4,12,3,6,8,8,2,0,23.754501,23.6159,23.381,24.3791,0.385303,64,64,32
542,32,16,6,2,6,8,16,2,0,23.699051,24.3243,21.0708,25.6419,1.854798,64,64,32
543,16,16,12,3,6,32,8,2,0,23.768221,23.9151,22.5457,25.0302,0.896875,32,32,16
544,16,16,12,3,6,8,8,2,0,23.793681,23.4102,23.0803,24.8019,0.828101,32,32,16
545,16,16,12,3,4,32,16,2,0,23.856782,23.658,22.66,25.8462,1.271821,32,32,16
546,32,16,6,2,8,16,16,0,0,23.857911,23.5722,21.7567,25.6242,1.665852,64,64,32
547,32,4,12,3,6,32,8,2,0,23.865998,23.7083,21.4642,27.2726,2.104891,64,64,32
548,16,16,12,3,6,32,8,0,0,23.96131,23.619,23.0842,25.4529,0.902737,32,32,16
549,32,4,12,3,6,8,32,0,0,23.990281,23.8782,22.7757,25.1537,0.881835,64,64,32
550,16,16,12,3,8,16,32,2,0,23.973617,24.0922,22.074,25.5703,1.364775,32,32,16
551,32,16,6,2,6,32,32,2,0,24.012266,24.1801,22.811,25.3907,1.140968,64,64,32
552,16,16,12,3,8,32,32,0,0,24.046286,24.0732,23.1008,25.4651,0.890481,32,32,16
553,16,16,12,3,4,8,8,2,0,23.986704,23.5123,21.8815,27.4706,2.156644,32,32,16
554,16,16,12,3,6,8,32,0,0,24.059398,24.2667,23.4644,24.4589,0.413712,32,32,16
555,32,16,6,2,8,8,16,0,0,24.04665,24.4518,21.9428,24.9812,1.211346,64,64,32
556,16,16,12,3,6,8,16,2,0,24.068509,23.8103,22.5865,26.0388,1.264816,32,32,16
557,16,16,12,3,6,16,8,0,0,24.081398,23.7876,22.6601,25.9427,1.392534,32,32,16
558,32,4,12,3,4,16,32,2,0,24.130729,24.3589,23.0792,24.6297,0.63371,64,64,32
559,16,16,12,3,4,8,32,2,0,24.114252,23.5198,23.0037,26.7176,1.482081,32,32,16
560,32,4,12,3,6,8,16,0,0,24.20443,23.9691,23.8447,25.0011,0.478045,64,64,32
561,16,16,12,3,4,32,32,2,0,24.250193,23.9084,22.5982,26.3783,1.392615,32,32,16
562,32,4,12,3,6,8,16,2,0,24.354307,24.4136,23.6973,25.4424,0.706396,64,64,32
563,16,16,12,3,6,8,16,0,0,24.366792,24.2437,23.1918,25.5499,1.071514,32,32,16
564,16,16,12,3,8,8,16,2,0,24.429109,24.2198,23.4775,25.4202,0.783538,32,32,16
565,32,16,6,2,4,32,8,2,0,24.365071,24.017,22.0987,28.364,2.469033,64,64,32
566,32,4,12,3,8,32,8,2,0,24.436015,24.0003,22.2292,29.0903,2.66722,64,64,32
567,32,4,12,3,8,32,32,2,0,24.614455,24.4213,20.9949,28.0805,2.885334,64,64,32
568,16,16,12,3,6,8,8,0,0,24.778749,23.6905,23.2461,27.9589,2.030502,32,32,16
569,32,64,6,3,8,8,8,2,0,24.843237,25.2059,23.4555,25.6841,0.948907,64,64,32
570,16,16,12,3,8,8,8,0,0,24.908246,24.9212,23.9902,25.7779,0.638001,32,32,16
571,16,16,6,2,4,16,32,0,0,24.045021,24.2938,15.8644,33.8896,7.394048,32,32,16
572,16,16,12,3,8,16,8,0,0,24.932937,25.0923,23.2933,26.7588,1.289346,32,32,16
573,32,16,6,2,6,32,8,0,0,24.954464,25.3796,23.4342,25.7823,0.973,64,64,32
574,16,16,12,3,4,8,16,2,0,24.937841,24.5275,23.0683,27.7227,1.877721,32,32,16
575,32,4,12,3,8,8,16,2,0,24.989664,25.545,23.4307,26.3417,1.3798,64,64,32
576,32,4,12,3,6,32,32,0,0,25.248288,25.2319,23.6008,27.0626,1.29422,64,64,32
577,16,16,12,3,4,8,32,0,0,25.43258,25.5825,24.1954,26.837,1.157646,32,32,16
578,32,4,12,3,6,32,32,2,0,25.568487,25.8831,24.0222,26.7137,1.00273,64,64,32
579,16,16,12,3,6,32,16,2,0,25.591904,25.4684,24.8222,27.1114,0.885582,32,32,16
580,32,64,6,3,6,8,32,2,0,25.658498,25.602,24.3545,27.7618,1.279843,64,64,32
581,32,4,12,3,6,32,16,2,0,25.670144,26.5728,23.6199,27.3801,1.679541,64,64,32
582,16,16,12,3,8,8,16,0,0,25.738098,26.0832,24.5699,26.3641,0.747127,32,32,16
583,16,16,12,3,8,32,8,0,0,25.729164,25.99,23.9229,27.3051,1.310715,32,32,16
584,32,4,12,3,4,32,32,2,0,25.703248,26.394,23.5114,27.5795,1.84911,64,64,32
585,32,16,6,2,4,16,16,2,0,25.742899,25.9132,24.2821,27.011,1.135289,64,64,32
586,32,4,12,3,6,16,16,2,0,25.662147,25.5718,22.7247,30.3018,2.803734,64,64,32
587,16,16,12,3,8,32,16,0,0,25.594767,24.0589,23.2176,32.3475,3.756095,32,32,16
588,32,4,12,3,4,32,16,0,0,25.810152,25.2273,24.5815,27.2267,1.251334,64,64,32
589,16,16,12,3,4,8,16,0,0,25.839366,25.6811,24.4859,28.6028,1.609798,32,32,16
590,32,64,6,3,4,16,8,2,0,25.975108,26.2165,24.9361,26.8937,0.745099,64,64,32
591,16,16,12,3,8,16,16,2,0,25.823627,24.9352,22.772,32.0846,3.552914,32,32,16
592,32,4,12,3,8,8,16,0,0,25.967285,25.4117,24.6295,29.5577,2.022553,64,64,32
593,32,16,6,2,4,32,16,0,0,25.422537,22.6351,20.3718,33.953,6.486016,64,64,32
594,32,4,12,3,8,32,16,2,0,25.824571,25.8294,21.0073,32.4755,4.345941,64,64,32
595,32,64,6,3,8,16,16,2,0,26.066242,27.0962,23.9071,27.7504,1.929401,64,64,32
596,16,16,12,3,4,16,8,0,0,26.162023,25.8137,25.4028,27.2329,0.791209,32,32,16
597,32,4,12,3,6,16,32,0,0,26.138768,26.5045,23.8531,29.2407,2.1131,64,64,32
598,32,64,6,3,4,32,8,2,0,26.203554,25.8935,24.993,27.4768,1.158065,64,64,32
599,32,16,6,2,8,32,32,0,0,26.232425,25.9499,24.0579,28.6985,2.089128,64,64,32
600,16,16,12,3,6,16,32,2,0,26.343451,26.3293,25.0711,27.7364,1.194874,32,32,16
601,32,4,12,3,6,16,8,0,0,26.376235,26.2433,24.3172,29.5646,1.926782,64,64,32
602,32,4,12,3,4,16,32,0,0,26.407496,26.0652,25.2892,28.7702,1.362955,64,64,32
603,32,64,6,3,6,16,16,2,0,26.416872,25.9297,25.0932,28.4735,1.543216,64,64,32
604,32,64,6,3,8,8,16,2,0,26.48314,26.9574,24.6311,27.009,1.045206,64,64,32
605,16,16,12,3,6,16,16,0,0,26.515309,26.32,25.6475,27.4718,0.761964,32,32,16
606,32,64,6,3,8,8,16,0,0,26.515222,26.5155,25.3467,27.6912,0.863565,64,64,32
607,16,4,10,2,8,8,32,2,0,26.537953,26.3872,25.7402,28.173,0.973347,32,32,16
608,16,16,12,3,4,16,8,2,0,26.353772,24.3711,24.0826,33.4438,4.016938,32,32,16
609,16,4,10,2,6,32,8,2,0,26.583525,26.7431,25.3746,27.8553,0.978607,32,32,16
610,16,16,12,3,4,16,16,0,0,26.478816,25.7903,23.863,31.511,2.96808,32,32,16
611,16,16,12,3,4,16,32,0,0,26.626087,27.6666,24.7962,28.118,1.681294,32,32,16
612,16,16,12,3,4,32,32,0,0,26.595706,25.9468,24.786,30.3742,2.321539,32,32,16
613,32,64,6,3,6,32,16,2,0,26.749285,26.6638,26.3286,27.2814,0.349005,64,64,32
614,16,4,10,2,6,16,8,2,0,26.765847,26.3835,26.0642,27.9219,0.837771,32,32,16
615,16,16,12,3,8,16,16,0,0,26.77085,26.2676,24.2555,29.2117,1.974867,32,32,16
616,32,4,12,3,6,8,8,0,0,26.81812,27.202,25.8102,27.9101,0.932143,64,64,32
617,16,4,10,2,8,32,8,2,0,26.851181,26.6211,26.2192,28.2199,0.779798,32,32,16
618,32,64,6,3,6,32,32,2,0,26.975867,26.8989,26.6867,27.5525,0.335314,64,64,32
619,16,16,12,3,8,16,32,0,0,26.956856,26.5055,25.7521,29.067,1.258579,32,32,16
620,16,16,12,3,6,32,32,0,0,27.093131,27.2962,25.6228,28.4835,1.171156,32,32,16
621,32,16,6,2,8,16,32,2,0,26.92082,28.6044,22.061,30.6608,3.653589,64,64,32
622,32,64,6,3,8,16,8,2,0,27.129403,27.1782,26.9682,27.1951,0.096165,64,64,32
623,16,4,10,2,8,8,16,2,0,27.139375,26.8949,26.3898,27.8524,0.631302,32,32,16
624,32,4,12,3,8,32,16,0,0,27.00567,27.1126,22.7583,32.0368,3.354393,64,64,32
625,32,64,6,3,8,8,32,2,0,27.234304,27.2092,26.3459,28.1726,0.67251,64,64,32
626,16,4,10,2,8,16,8,2,0,27.261215,27.4998,25.9269,28.2729,0.875123,32,32,16
627,32,64,6,3,6,8,16,2,0,27.246274,27.6386,25.0545,28.827,1.493234,64,64,32
628,32,64,6,3,4,8,8,2,0,27.278858,27.7169,25.7848,28.0614,0.937826,64,64,32
629,16,4,10,2,8,16,8,0,0,27.31185,27.1169,26.8539,28.5318,0.688003,32,32,16
630,16,4,10,2,4,32,8,0,0,27.33745,26.9931,26.5165,28.8779,0.916805,32,32,16
631,32,64,6,3,8,32,16,0,0,27.462452,27.7358,26.0686,28.7088,1.187142,64,64,32
632,16,4,10,2,6,16,8,0,0,27.543443,27.3246,26.1059,29.0663,1.243201,32,32,16
633,32,16,6,2,8,32,16,0,0,27.168333,26.8279,22.7511,36.9052,5.526358,64,64,32
634,32,64,6,3,6,16,8,2,0,27.567796,27.7082,26.1328,28.4593,0.958701,64,64,32
635,32,64,6,3,8,32,32,2,0,27.584042,27.8305,26.0667,29.1344,1.176359,64,64,32
636,32,16,6,2,4,16,32,0,0,27.564215,27.8859,24.6049,30.539,2.578985,64,64,32
637,32,4,12,3,8,16,16,2,0,27.380339,28.0186,22.6999,33.861,4.509355,64,64,32
638,32,64,6,3,4,16,32,2,0,27.673247,27.7216,25.2789,29.0105,1.518728,64,64,32
639,32,4,12,3,4,32,8,0,0,27.694361,27.5068,25.712,30.3847,1.869657,64,64,32
640,16,16,12,3,6,16,16,2,0,27.615644,26.7146,24.6736,32.4751,3.300535,32,32,16
641,16,4,10,2,4,16,32,2,0,27.771521,27.4729,25.75,29.9461,1.896436,32,32,16
642,32,64,6,3,4,16,16,2,0,27.831904,28.0071,26.2379,29.3897,1.13325,64,64,32
643,32,64,6,3,8,32,8,2,0,27.802185,27.7211,26.0399,31.7522,2.323891,64,64,32
644,16,4,10,2,8,32,8,0,0,27.831059,26.9317,26.294,30.3826,1.796126,32,32,16
645,32,64,6,3,6,32,32,0,0,27.853268,28.312,25.5221,29.7367,1.558296,64,64,32
646,32,64,6,3,8,16,32,2,0,27.920027,28.336,25.9152,30.0488,1.700134,64,64,32
647,32,64,6,3,4,32,16,2,0,27.98549,27.8186,27.7143,28.4739,0.312621,64,64,32
648,16,4,10,2,8,16,32,2,0,28.010617,28.5081,26.731,29.518,1.195326,32,32,16
649,16,4,10,2,8,16,16,0,0,28.083007,27.9527,27.6258,28.7837,0.436365,32,32,16
650,32,64,6,3,8,16,8,0,0,28.119569,28.3394,26.653,28.7497,0.856248,64,64,32
651,16,4,10,2,6,8,16,2,0,28.183864,27.829,27.2741,30.038,1.067315,32,32,16
652,32,64,6,3,8,32,32,0,0,28.183424,27.7199,26.76,29.5911,1.252677,64,64,32
653,32,64,6,3,6,32,8,2,0,28.233918,27.5223,27.3696,30.2002,1.206078,64,64,32
654,16,4,10,2,6,16,16,0,0,28.259111,28.0833,26.024,29.672,1.489491,32,32,16
655,32,64,6,3,6,8,8,2,0,28.236107,27.7868,25.7072,31.7037,2.762825,64,64,32
656,16,4,10,2,6,8,32,2,0,28.326176,29.0137,25.5677,30.0519,1.866337,32,32,16
657,32,4,12,3,6,16,16,0,0,28.296331,27.0433,25.2731,32.0208,2.816617,64,64,32
658,32,4,12,3,8,16,16,0,0,28.34772,28.0398,25.5874,32.8574,2.686539,64,64,32
659,16,16,12,3,4,32,8,0,0,28.396413,29.1423,24.836,30.3543,2.141263,32,32,16
660,32,4,12,3,8,16,32,2,0,27.809494,25.8587,22.0982,39.6198,7.223909,64,64,32
661,32,64,6,3,6,16,8,0,0,28.468969,27.5654,27.1789,31.2387,1.77778,64,64,32
662,32,4,12,3,4,32,16,2,0,27.856626,25.0692,23.6202,41.989,7.624895,64,64,32
663,32,4,12,3,4,16,16,0,0,28.443915,27.3514,26.4486,32.7223,2.634136,64,64,32
664,32,64,6,3,4,16,32,0,0,28.493484,28.0037,26.5107,30.9848,1.988128,64,64,32
665,32,64,6,3,6,16,16,0,0,28.491164,29.4201,25.5997,30.5779,2.238156,64,64,32
666,32,4,12,3,8,16,8,2,0,28.450003,30.3291,24.3851,30.8481,2.909868,64,64,32
667,32,64,6,3,8,32,16,2,0,28.583338,28.1638,27.782,29.8158,0.838605,64,64,32
668,32,64,6,3,4,32,16,0,0,28.545706,29.3717,26.4916,30.4484,1.860662,64,64,32
669,32,4,12,3,4,8,32,0,0,28.542511,28.3593,26.122,34.1362,3.236017,64,64,32
670,16,4,10,2,6,16,32,0,0,28.661705,28.7282,27.3109,30.4623,1.279237,32,32,16
671,16,4,10,2,8,8,32,0,0,28.660536,28.3248,27.431,30.9574,1.390062,32,32,16
672,32,64,6,3,8,8,32,0,0,28.708921,28.587,27.8543,29.9955,0.90785,64,64,32
673,32,4,12,3,4,16,8,2,0,28.725147,28.7304,26.6555,30.7764,1.713881,64,64,32
674,32,4,12,3,8,32,8,0,0,28.852329,29.7831,25.9236,32.1516,2.532032,64,64,32
675,32,64,6,3,6,32,16,0,0,28.923231,28.6508,27.3391,31.4988,1.533231,64,64,32
676,16,4,10,2,6,32,8,0,0,28.947828,28.1048,27.7633,31.314,1.507259,32,32,16
677,16,4,10,2,6,16,32,2,0,29.011327,28.8088,28.1525,29.865,0.669292,32,32,16
678,16,16,12,3,4,8,8,0,0,28.859731,28.0726,25.446,35.2926,3.697657,32,32,16
679,32,64,6,3,4,16,16,0,0,29.209032,29.0704,27.344,31.0374,1.380711,64,64,32
680,32,4,12,3,4,32,8,2,0,29.207829,28.8218,28.2202,31.8064,1.464206,64,64,32
681,32,4,12,3,6,32,8,0,0,29.229319,29.8109,26.8506,30.1372,1.37706,64,64,32
682,32,64,6,3,6,8,32,0,0,29.242658,29.9358,27.3223,30.4494,1.401382,64,64,32
683,32,64,6,3,4,32,8,0,0,29.275152,29.1908,28.8404,29.8399,0.402554,64,64,32
684,16,64,6,2,4,8,32,2,0,29.295075,30.0002,26.3165,31.3661,1.931133,32,32,16
685,16,4,10,2,8,8,8,2,0,29.350462,28.5044,27.8268,33.2306,2.191003,32,32,16
686,16,64,6,2,4,8,8,2,0,29.429661,29.2895,28.1287,30.6251,1.097313,32,32,16
687,32,64,6,3,4,8,8,0,0,29.510665,29.0154,28.8225,31.6202,1.184454,64,64,32
688,32,4,12,3,4,8,16,2,0,29.404234,29.5584,25.3522,32.8002,3.064513,64,64,32
689,16,4,10,2,8,32,16,2,0,29.475493,29.1024,27.2154,32.4845,2.123579,32,32,16
690,32,4,12,3,8,8,32,0,0,29.435528,31.3713,25.0606,31.7542,2.97529,64,64,32
691,16,4,10,2,4,8,8,2,0,29.498809,28.0726,27.0282,34.8698,3.153694,32,32,16
692,32,4,12,3,4,32,32,0,0,29.40663,29.7773,24.5576,35.7181,4.240834,64,64,32
693,32,64,6,3,4,8,32,2,0,29.683723,29.1598,27.8455,32.3901,2.069355,64,64,32
694,32,64,6,3,6,16,32,0,0,29.72754,30.1877,27.7506,32.0343,1.678391,64,64,32
695,16,4,10,2,6,16,16,2,0,29.744468,30.0874,28.3619,31.548,1.309301,32,32,16
696,32,64,6,3,6,32,8,0,0,29.665626,31.0201,25.8953,32.4578,2.711642,64,64,32
697,32,4,12,3,4,8,8,2,0,29.661644,28.4668,27.8015,35.8775,3.429907,64,64,32
698,32,4,12,3,8,16,32,0,0,29.34079,26.6411,23.7578,37.2476,6.401336,64,64,32
699,32,64,6,3,6,16,32,2,0,29.864689,30.2678,27.3337,32.1595,1.754905,64,64,32
700,32,64,6,3,8,16,32,0,0,29.873819,30.5678,27.3601,32.5062,2.173573,64,64,32
701,32,16,6,2,8,32,8,2,0,29.808183,30.7736,26.2206,33.8843,3.114095,64,64,32
702,16,16,12,3,6,32,16,0,0,29.778139,28.0306,27.2103,37.0058,4.067412,32,32,16
703,16,4,10,2,4,8,16,2,0,29.974725,30.2235,28.568,31.5855,1.386966,32,32,16
704,16,4,10,2,8,16,16,2,0,29.871623,29.0634,26.8106,35.386,3.256783,32,32,16
705,16,64,6,2,8,32,16,2,0,29.965387,29.3001,27.8201,32.5055,1.921229,32,32,16
706,16,4,10,2,6,32,16,0,0,30.150527,30.1064,28.2272,32.4862,1.522448,32,32,16
707,32,64,6,3,4,16,8,0,0,30.189539,30.5851,28.7076,32.1097,1.388413,64,64,32
708,32,64,6,3,8,32,8,0,0,30.248966,31.3005,27.6941,33.0575,2.293885,64,64,32
709,16,4,10,2,8,32,32,0,0,30.35012,30.4623,29.5595,31.1802,0.643577,32,32,16
710,32,4,12,3,4,8,16,0,0,30.363296,31.1,27.641,32.3767,1.896882,64,64,32
711,16,4,10,2,8,16,32,0,0,30.38153,30.4094,28.6061,32.6947,1.700174,32,32,16
712,32,64,6,3,4,8,16,0,0,30.421216,30.1613,29.5406,31.4404,0.73539,64,64,32
713,16,64,6,2,8,8,16,2,0,30.536755,30.5387,29.0301,31.8972,1.327676,32,32,16
714,32,64,6,3,8,8,8,0,0,30.584216,30.9664,28.2775,32.309,1.550373,64,64,32
715,16,16,12,3,4,32,16,0,0,30.341878,32.4234,25.646,35.6121,4.596683,32,32,16
716,16,64,6,2,4,16,8,2,0,30.633305,30.7456,29.4829,31.6377,0.945082,32,32,16
717,32,4,12,3,6,16,32,2,0,30.595143,29.329,27.4486,35.1338,3.404217,64,64,32
718,16,4,10,2,6,8,32,0,0,30.715627,29.9136,29.6368,33.6254,1.654571,32,32,16
719,16,4,10,2,6,8,16,0,0,30.715959,30.676,28.5128,33.1913,1.840911,32,32,16
720,32,64,6,3,6,8,16,0,0,30.457919,28.7555,27.5243,40.4265,5.411524,64,64,32
721,16,64,6,2,8,16,16,2,0,30.928101,31.1578,28.9003,33.3708,1.656495,32,32,16
722,16,64,6,2,4,8,16,2,0,30.943266,31.686,28.9725,32.1784,1.354451,32,32,16
723,16,4,10,2,8,8,16,0,0,31.0555,31.1115,29.6618,32.4818,1.222604,32,32,16
724,32,4,12,3,4,8,32,2,0,31.207998,31.908,28.9603,33.0999,1.66586,64,64,32
725,16,64,6,2,8,32,32,2,0,31.254942,30.2509,28.7658,33.8607,2.367267,32,32,16
726,32,64,6,3,4,8,32,0,0,31.33921,31.4706,29.412,34.2798,1.918114,64,64,32
727,32,64,6,3,8,16,16,0,0,31.010593,29.2397,26.9687,42.4127,6.223433,64,64,32
728,16,4,10,2,4,16,32,0,0,31.409466,30.4002,28.9409,34.7493,2.460216,32,32,16
729,32,4,12,3,8,8,8,2,0,31.236942,29.459,25.7859,39.1116,5.128838,64,64,32
730,16,64,6,2,8,16,8,2,0,31.327411,29.4957,28.5515,40.0541,4.784004,32,32,16
731,16,4,10,2,6,32,32,0,0,31.525601,30.6121,29.1255,35.1337,2.6123,32,32,16
732,16,64,6,2,4,32,8,2,0,31.620828,31.596,30.2424,32.831,1.071148,32,32,16
733,16,4,10,2,6,8,8,2,0,31.79941,30.9452,29.9226,35.8135,2.325207,32,32,16
734,16,4,10,2,8,8,8,0,0,31.567313,31.417,27.3771,40.1149,5.126793,32,32,16
735,32,64,6,3,4,8,16,2,0,31.723287,31.2716,26.3909,38.6095,4.482125,64,64,32
736,32,16,6,2,8,32,8,0,0,31.986497,32.9771,28.7809,33.3452,1.886501,64,64,32
737,32,16,6,2,4,8,8,0,0,31.657329,31.4038,26.5126,38.0602,5.612728,64,64,32
738,16,64,6,2,6,16,8,2,0,32.083462,31.9204,28.7905,34.7475,2.227443,32,32,16
739,16,4,10,2,4,8,8,0,0,32.140749,30.9279,29.9619,36.3165,2.577177,32,32,16
740,32,64,6,3,4,32,32,0,0,31.97995,31.5657,26.5814,40.269,5.120937,64,64,32
741,32,64,6,3,4,32,32,2,0,32.209431,32.6102,29.5186,35.7387,2.686019,64,64,32
742,16,64,6,2,4,16,16,2,0,32.095284,31.6511,26.8963,39.2473,4.501878,32,32,16
743,16,64,6,2,6,32,32,2,0,32.354455,32.2067,28.8362,36.0998,3.069157,32,32,16
744,16,16,12,3,4,32,8,2,0,32.358347,31.3533,27.483,39.3427,4.369046,32,32,16
745,16,64,6,2,4,16,8,0,0,32.652229,32.6734,31.463,33.5909,0.826224,32,32,16
746,16,4,10,2,4,32,32,0,0,32.643153,32.1489,30.6582,35.148,1.721986,32,32,16
747,16,64,6,2,6,16,16,2,0,32.593632,32.3608,29.8103,37.0496,2.800589,32,32,16
748,32,4,12,3,4,16,8,0,0,32.556439,32.6828,27.5256,38.2625,3.889291,64,64,32
749,32,64,6,3,6,8,8,0,0,32.759332,33.141,30.6366,34.415,1.61751,64,64,32
750,16,64,6,2,6,32,16,2,0,32.677811,32.9676,28.8088,38.3871,3.61607,32,32,16
751,16,4,10,2,8,32,16,0,0,32.8602,32.3922,31.4349,35.1559,1.440228,32,32,16
752,16,64,6,2,8,32,8,0,0,32.950005,33.0433,30.3337,34.6276,1.697098,32,32,16
753,16,64,6,2,6,8,8,2,0,32.894609,30.9366,30.4848,39.2532,3.690152,32,32,16
754,32,4,12,3,6,32,16,0,0,32.529916,31.3913,26.188,41.7003,6.993917,64,64,32
755,16,64,6,2,8,32,8,2,0,33.038638,32.9077,29.4621,35.7285,2.527867,32,32,16
756,16,64,6,2,4,16,16,0,0,33.115312,32.6812,32.2608,34.9618,1.093059,32,32,16
757,16,64,6,2,6,8,16,2,0,33.131053,33.689,30.9704,35.2354,1.771663,32,32,16
758,16,64,6,2,8,16,32,2,0,33.072522,31.7879,31.4151,38.4669,2.993834,32,32,16
759,32,4,12,3,8,16,8,0,0,33.042861,33.0986,28.2076,38.5859,3.690997,64,64,32
760,16,4,10,2,4,8,16,0,0,33.169267,34.1645,30.209,34.4559,1.81214,32,32,16
761,16,64,6,2,4,8,16,0,0,33.20711,33.1103,30.8937,36.3187,1.989083,32,32,16
762,16,4,10,2,4,32,16,2,0,33.212056,31.8596,30.2461,38.5677,3.41636,32,32,16
763,16,64,6,2,6,16,32,2,0,33.482567,33.1998,31.4632,37.5515,2.388894,32,32,16
764,32,4,12,3,4,8,8,0,0,30.905992,22.9367,21.6235,51.025,15.467965,64,64,32
765,16,64,6,2,6,8,32,2,0,33.476524,31.7476,29.3823,42.0191,5.013793,32,32,16
766,16,64,6,2,4,32,16,0,0,33.747902,34.047,32.0838,34.9385,1.142518,32,32,16
767,16,64,6,2,8,8,32,2,0,33.706694,31.6756,30.4237,39.6489,3.964445,32,32,16
768,16,64,6,2,8,8,32,0,0,34.039374,33.9075,31.8884,36.98,2.262452,32,32,16
769,16,64,6,2,8,8,8,0,0,34.162425,33.8515,32.0518,35.6112,1.488256,32,32,16
770,16,4,10,2,4,16,16,0,0,34.261042,34.473,32.5918,35.3787,1.077549,32,32,16
771,16,4,10,2,4,32,8,2,0,34.185481,34.4254,29.87,37.4704,2.765053,32,32,16
772,16,64,6,2,6,32,8,0,0,34.243134,34.0253,31.8945,37.0578,2.033058,32,32,16
773,16,4,10,2,4,8,32,0,0,34.245303,34.5177,31.1423,37.2571,2.356549,32,32,16
774,16,64,6,2,4,32,8,0,0,34.341767,34.6472,32.2296,36.3274,1.713415,32,32,16
775,16,64,6,2,4,16,32,2,0,34.480329,34.7198,32.4405,36.1511,1.557756,32,32,16
776,16,64,6,2,6,32,32,0,0,34.542665,34.4754,31.7855,38.708,2.663038,32,32,16
777,16,64,6,2,4,32,32,2,0,34.503144,33.6316,31.2992,40.9615,3.743703,32,32,16
778,16,64,6,2,8,16,8,0,0,34.593985,33.5406,32.0165,38.3799,2.498895,32,32,16
779,16,64,6,2,4,16,32,0,0,34.801617,34.5507,34.0305,36.839,1.157492,32,32,16
780,16,64,6,2,8,32,16,0,0,34.796917,34.907,33.1381,37.1762,1.532863,32,32,16
781,16,64,6,2,8,16,32,0,0,35.053886,34.4075,33.8473,36.539,1.30402,32,32,16
782,16,64,6,2,4,8,8,0,0,35.08381,35.2535,32.4637,36.8043,1.612686,32,32,16
783,16,64,6,2,6,32,8,2,0,34.961602,34.7711,31.7918,41.344,3.767441,32,32,16
784,16,4,10,2,4,16,16,2,0,34.885997,32.7726,31.5898,43.3238,4.842596,32,32,16
785,16,64,6,2,8,32,32,0,0,35.380193,35.2996,34.5599,36.4115,0.85601,32,32,16
786,16,64,6,2,6,8,16,0,0,35.388997,34.8554,33.0714,39.1154,2.362948,32,32,16
787,32,4,12,3,8,8,8,0,0,35.289511,36.6838,29.1251,38.7532,3.830929,64,64,32
788,32,4,12,3,8,8,32,2,0,35.312061,34.2348,32.2554,43.3268,4.497471,64,64,32
789,16,4,10,2,4,32,32,2,0,35.15242,35.6067,27.9193,44.2634,5.840563,32,32,16
790,16,64,6,2,4,8,32,0,0,35.473835,35.3903,31.951,38.9082,2.506581,32,32,16
791,16,64,6,2,8,8,8,2,0,35.460308,36.9538,30.3812,39.6875,3.777933,32,32,16
792,16,64,6,2,6,32,16,0,0,35.75073,35.7025,34.474,37.5313,1.1792,32,32,16
793,16,64,6,2,6,16,8,0,0,35.932051,34.8899,33.9318,38.2007,2.035531,32,32,16
794,16,16,12,3,6,16,32,0,0,35.158667,33.2966,26.9703,52.0005,10.450972,32,32,16
795,16,4,10,2,6,8,8,0,0,36.48059,36.6905,31.9709,40.1589,3.552368,32,32,16
796,16,64,6,2,8,16,16,0,0,36.915056,36.8411,34.812,39.534,1.77453,32,32,16
797,16,64,6,2,6,16,32,0,0,36.937909,35.498,35.0166,39.9498,2.48048,32,32,16
798,16,64,6,2,6,16,16,0,0,37.27393,37.4231,35.8986,38.5408,1.080832,32,32,16
799,16,64,6,2,6,8,32,0,0,37.359071,36.9705,34.8629,40.0643,2.478991,32,32,16
800,16,4,10,2,4,32,16,0,0,37.826534,38.1584,35.5481,40.3842,1.881235,32,32,16
801,16,4,10,2,6,32,32,2,0,37.566723,40.5078,27.0408,44.3583,6.588608,32,32,16
802,16,64,6,2,8,8,16,0,0,38.694278,39.3586,34.7651,41.3174,2.434026,32,32,16
803,16,4,10,2,4,16,8,2,0,39.962054,40.093,37.4323,44.0906,2.698791,32,32,16
804,32,16,12,3,6,8,32,2,0,40.821652,41.0518,39.6206,41.5497,0.766523,64,64,32
805,32,16,12,3,8,32,32,2,0,41.229889,42.3977,37.4777,43.007,2.314174,64,64,32
806,32,16,12,3,6,32,32,2,0,41.357387,41.0938,39.6585,44.4137,1.869902,64,64,32
807,32,16,12,3,4,16,8,2,0,41.619377,41.7898,40.3385,43.7787,1.393592,64,64,32
808,32,16,12,3,8,8,32,2,0,42.082788,41.8362,40.5745,44.0468,1.421124,64,64,32
809,32,16,12,3,8,16,8,2,0,42.146432,42.0099,40.7334,43.4929,1.099891,64,64,32
810,32,16,12,3,4,16,16,2,0,42.245671,42.2991,40.0566,43.9813,1.487563,64,64,32
811,32,16,12,3,8,8,8,2,0,42.412196,42.0849,41.3045,43.8704,0.997433,64,64,32
812,32,16,12,3,4,8,8,0,0,42.469116,42.2584,41.5466,44.1504,1.006276,64,64,32
813,32,16,12,3,8,32,32,0,0,42.498947,43.2571,38.9999,45.4835,2.791219,64,64,32
814,32,16,12,3,8,16,32,2,0,42.674566,43.911,37.7991,45.221,2.943402,64,64,32
815,32,16,12,3,6,32,16,2,0,42.846421,43.1792,39.2794,45.573,2.290941,64,64,32
816,32,16,12,3,4,8,8,2,0,42.914762,42.5665,42.4281,43.6866,0.581336,64,64,32
817,32,16,12,3,6,16,32,2,0,42.92085,43.0208,40.2326,47.1777,2.638156,64,64,32
818,32,16,12,3,8,16,16,2,0,43.044539,44.6727,38.9807,44.8479,2.542863,64,64,32
819,32,16,12,3,6,32,8,0,0,43.161262,42.7958,42.1826,44.2215,0.912793,64,64,32
820,32,16,12,3,6,8,8,0,0,43.413318,43.6483,41.5135,44.7591,1.322858,64,64,32
821,32,16,12,3,4,32,16,0,0,43.43525,43.4999,42.1595,44.1139,0.782104,64,64,32
822,16,64,6,2,4,32,32,0,0,43.398293,44.5806,40.1439,46.7674,2.773367,32,32,16
823,32,16,12,3,6,32,8,2,0,43.52937,43.9217,40.61,46.159,2.059354,64,64,32
824,32,16,12,3,4,16,16,0,0,43.725461,44.0111,42.262,44.8493,1.141678,64,64,32
825,32,16,12,3,4,8,32,2,0,43.810537,43.6938,41.0233,47.9162,2.519117,64,64,32
826,32,16,12,3,6,16,32,0,0,43.969983,43.8619,42.3808,45.3789,1.150466,64,64,32
827,32,16,12,3,6,16,8,2,0,44.03086,44.7679,40.758,45.9947,2.083352,64,64,32
828,32,16,12,3,8,16,8,0,0,43.986385,40.4902,39.7107,51.682,5.732657,64,64,32
829,32,16,12,3,6,16,16,2,0,44.258782,44.083,41.8778,46.1125,1.614126,64,64,32
830,16,4,10,2,6,32,16,2,0,42.1542,35.6406,30.4353,71.3326,16.838945,32,32,16
831,32,16,12,3,4,32,8,2,0,44.2545,44.4744,39.0743,48.2839,3.896406,64,64,32
832,16,4,10,2,8,32,32,2,0,42.193372,36.6562,30.9607,66.9354,16.281338,32,32,16
833,32,16,12,3,6,8,8,2,0,44.591072,43.7486,42.9692,48.4387,2.207206,64,64,32
834,32,16,12,3,8,32,16,0,0,44.385357,42.8401,38.4217,56.1068,6.668859,64,64,32
835,32,16,12,3,8,32,16,2,0,44.588208,47.9374,36.6909,50.5085,6.13805,64,64,32
836,32,16,12,3,6,8,16,2,0,45.160168,45.243,44.1519,46.1152,0.796913,64,64,32
837,32,16,12,3,4,16,32,2,0,45.19713,45.4527,42.368,47.3413,1.802121,64,64,32
838,32,16,12,3,6,8,16,0,0,45.378026,44.9169,42.2885,50.6202,3.095576,64,64,32
839,32,16,12,3,4,8,16,2,0,45.616987,45.9431,42.3679,47.5374,2.015437,64,64,32
840,32,16,12,3,6,32,16,0,0,45.801882,44.412,43.0632,50.1783,3.244415,64,64,32
841,32,16,12,3,6,32,32,0,0,46.167239,46.0168,44.2219,47.9535,1.448439,64,64,32
842,16,16,10,2,4,32,8,2,0,46.172662,46.4401,43.3996,49.0498,2.721147,32,32,16
843,32,16,12,3,8,32,8,0,0,46.160804,47.8869,41.4427,48.7303,3.196354,64,64,32
844,32,16,12,3,6,16,8,0,0,46.224888,45.2772,44.8033,49.9487,2.146501,64,64,32
845,32,16,12,3,4,32,32,2,0,46.267167,46.1792,43.9467,48.6704,1.801827,64,64,32
846,16,64,6,2,6,8,8,0,0,45.285517,41.8661,35.7046,68.3,12.935881,32,32,16
847,16,4,10,2,4,8,32,2,0,45.856839,42.0953,38.237,65.837,11.416629,32,32,16
848,16,4,10,2,4,16,8,0,0,46.463118,44.9043,40.8234,59.4778,7.678069,32,32,16
849,32,16,12,3,4,16,8,0,0,46.938235,46.4634,45.3968,50.2589,1.996525,64,64,32
850,32,16,12,3,8,8,8,0,0,47.211837,45.3508,45.0685,52.716,3.258914,64,64,32
851,32,16,12,3,8,16,32,0,0,47.10458,47.6423,40.9073,55.269,6.038028,64,64,32
852,32,16,12,3,4,8,32,0,0,47.455406,47.1419,46.1365,49.2608,1.404096,64,64,32
853,32,16,12,3,8,8,16,2,0,47.189364,48.1261,38.7475,56.8186,6.461228,64,64,32
854,32,16,12,3,4,16,32,0,0,47.840695,47.6807,45.2417,49.9824,1.761015,64,64,32
855,32,16,12,3,8,32,8,2,0,47.77556,46.042,44.166,54.3412,4.338242,64,64,32
856,32,16,12,3,8,16,16,0,0,47.60904,45.7656,41.807,59.8446,7.222123,64,64,32
857,32,16,12,3,4,32,8,0,0,47.989995,48.493,44.3049,53.8264,3.709163,64,64,32
858,32,16,12,3,4,8,16,0,0,48.173324,48.4066,45.7445,50.1217,1.767826,64,64,32
859,32,4,10,2,6,32,16,2,0,48.397695,48.0404,47.1472,50.3165,1.188705,64,64,32
860,16,16,10,2,6,32,8,2,0,48.64362,47.5601,46.6011,53.3263,2.67003,32,32,16
861,16,16,10,2,4,32,32,2,0,48.870751,50.7776,45.4436,52.1103,3.185449,32,32,16
862,32,4,10,2,4,32,8,2,0,48.897243,48.3724,46.5657,53.7169,2.782516,64,64,32
863,32,4,10,2,8,32,8,0,0,49.178023,50.24,44.8332,53.5869,3.439535,64,64,32
864,32,16,12,3,6,8,32,0,0,49.187836,46.9839,45.5543,57.5088,4.899219,64,64,32
865,32,16,12,3,8,8,32,0,0,49.129223,45.6067,42.423,62.7667,8.476886,64,64,32
866,16,16,10,2,6,8,8,0,0,49.720792,49.5872,47.2729,52.1451,1.782832,32,32,16
867,32,4,10,2,8,32,16,2,0,49.787898,49.2524,48.8546,51.7833,1.166799,64,64,32
868,32,4,10,2,6,8,32,2,0,49.787841,49.5988,47.7836,53.5585,2.313977,64,64,32
869,16,16,10,2,4,32,16,2,0,49.731222,48.2357,44.464,55.7301,4.706475,32,32,16
870,32,4,10,2,6,32,32,2,0,49.695733,52.3116,40.912,53.675,5.205056,64,64,32
871,32,4,10,2,8,16,32,2,0,49.877556,52.0364,44.9983,53.8561,3.862059,64,64,32
872,32,16,12,3,6,16,16,0,0,49.915703,50.3899,44.0041,55.1767,4.117982,64,64,32
873,16,16,10,2,4,16,32,2,0,50.181211,51.2476,44.4783,52.7615,3.30585,32,32,16
874,32,4,10,2,4,16,16,0,0,50.35252,50.5992,48.3607,51.6215,1.211559,64,64,32
875,32,4,10,2,8,16,8,0,0,50.325946,49.9815,47.7291,54.3744,2.433614,64,64,32
876,32,4,10,2,8,32,16,0,0,50.415095,50.8303,45.7985,56.7713,4.246223,64,64,32
877,32,4,10,2,6,16,8,2,0,50.511086,51.3412,45.3885,55.6233,3.745156,64,64,32
878,16,64,6,2,4,32,16,2,0,50.483521,49.1096,45.5492,59.1192,5.080098,32,32,16
879,32,4,10,2,6,32,8,2,0,50.771821,51.265,46.0052,54.3423,3.102361,64,64,32
880,32,4,10,2,8,32,32,0,0,50.844519,50.6946,46.1446,54.0057,3.048895,64,64,32
881,16,16,10,2,6,16,8,2,0,50.888414,50.3602,48.853,54.2324,2.108199,32,32,16
882,32,4,10,2,8,32,8,2,0,50.922493,51.5784,48.0734,55.0551,2.875186,64,64,32
883,32,4,10,2,4,16,32,0,0,50.977641,49.1913,48.0934,58.1788,4.17445,64,64,32
884,16,16,10,2,6,8,32,2,0,50.994247,49.6963,47.6052,57.7267,3.903423,32,32,16
885,32,4,10,2,6,32,16,0,0,51.209309,51.7908,47.8667,53.006,2.01896,64,64,32
886,32,4,10,2,4,16,8,2,0,51.277135,51.0686,48.6213,55.1629,2.401251,64,64,32
887,32,4,10,2,6,16,8,0,0,51.565352,53.617,45.7912,55.2798,3.958585,64,64,32
888,32,4,10,2,6,16,16,0,0,51.646783,52.4,47.2625,54.797,2.786621,64,64,32
889,32,4,10,2,8,32,32,2,0,51.96199,51.6838,49.7455,54.5732,1.94258,64,64,32
890,32,4,10,2,8,8,16,0,0,52.154623,51.2843,48.808,57.3036,3.156822,64,64,32
891,32,4,10,2,8,16,32,0,0,52.158102,51.7042,47.9853,56.864,3.304287,64,64,32
892,32,4,10,2,4,32,16,0,0,52.192423,51.8066,47.2905,59.3063,4.483196,64,64,32
893,32,4,10,2,8,8,8,0,0,52.375345,52.6178,49.7535,55.0024,2.114898,64,64,32
894,32,4,10,2,8,16,16,2,0,52.437562,50.5474,49.2536,58.3898,3.830708,64,64,32
895,32,4,10,2,6,16,32,2,0,52.34287,51.2035,46.6349,63.8609,6.691402,64,64,32
896,32,4,10,2,8,16,8,2,0,52.680646,52.7,51.4656,53.9092,1.037494,64,64,32
897,32,64,6,2,8,16,16,2,0,52.592755,51.6,49.0595,59.0999,3.935638,64,64,32
898,32,4,10,2,6,8,16,2,0,52.599647,50.8445,48.7739,63.7452,6.166371,64,64,32
899,32,4,10,2,4,16,8,0,0,52.838806,52.2924,48.9156,60.352,4.522049,64,64,32
900,32,64,6,2,6,16,16,2,0,52.921274,54.0677,48.0647,55.9137,3.051219,64,64,32
901,32,4,10,2,4,32,32,0,0,52.863046,52.2009,47.8758,59.7063,4.623774,64,64,32
902,16,16,10,2,6,8,16,2,0,52.788668,55.8881,45.406,60.3648,6.253916,32,32,16
903,32,4,10,2,4,32,16,2,0,53.072804,52.0047,49.2996,58.0187,3.945868,64,64,32
904,32,4,10,2,4,16,32,2,0,53.197687,52.2443,49.2094,57.1707,3.162161,64,64,32
905,32,64,6,2,6,8,16,2,0,53.317986,54.0289,49.7651,55.8929,2.408492,64,64,32
906,32,4,10,2,4,32,8,0,0,53.28135,53.5558,49.0817,59.7776,4.076271,64,64,32
907,16,16,10,2,6,8,8,2,0,53.522993,54.3879,48.5255,56.4757,3.137283,32,32,16
908,32,4,10,2,8,8,32,2,0,52.870094,51.8261,43.7056,71.0217,10.478782,64,64,32
909,32,4,10,2,6,32,32,0,0,53.383332,51.1972,47.4236,67.4201,7.861686,64,64,32
910,32,64,6,2,8,8,8,2,0,53.960289,53.9415,53.2956,54.9161,0.632094,64,64,32
911,16,4,12,2,4,16,16,2,0,54.026476,54.8126,52.236,55.0813,1.275528,32,32,16
912,32,64,6,2,6,32,8,0,0,54.0826,54.2719,52.9201,55.4041,1.017987,64,64,32
913,32,64,6,2,6,8,8,2,0,54.050825,55.9934,49.7139,57.2237,3.621655,64,64,32
914,32,64,6,2,6,8,32,2,0,54.136388,53.5945,49.9721,57.3672,3.107228,64,64,32
915,32,4,10,2,4,16,16,2,0,53.950908,51.4268,47.3479,60.8689,6.020759,64,64,32
916,16,4,12,2,8,16,32,2,0,54.247391,54.7547,49.7345,59.0015,3.772488,32,32,16
917,32,64,6,2,4,32,32,2,0,54.315562,55.8132,50.6954,56.6362,2.745259,64,64,32
918,16,16,10,2,4,32,16,0,0,54.399901,54.5317,51.884,57.1329,2.061845,32,32,16
919,16,16,10,2,6,16,16,0,0,54.202535,51.6402,50.403,66.3901,6.705256,32,32,16
920,32,4,10,2,6,8,8,0,0,54.140107,51.405,45.6344,64.5374,8.177918,64,64,32
921,16,16,10,2,4,32,8,0,0,54.59009,53.0037,51.1465,59.0716,3.406481,32,32,16
922,32,4,10,2,4,32,32,2,0,54.619016,55.8184,48.8222,59.8255,4.904609,64,64,32
923,32,4,10,2,4,8,32,0,0,54.659768,53.4856,47.8035,60.6388,5.184448,64,64,32
924,32,64,6,2,8,32,32,2,0,54.972515,54.3014,53.8062,56.4338,1.269266,64,64,32
925,32,64,6,2,8,16,32,2,0,55.030768,54.8755,53.4924,57.012,1.332697,64,64,32
926,32,4,10,2,4,8,16,2,0,55.016028,54.4521,52.2058,58.7826,2.589511,64,64,32
927,16,4,12,2,6,8,32,2,0,55.070373,54.7132,53.0322,58.3763,2.001971,32,32,16
928,32,4,10,2,4,8,32,2,0,55.28187,54.1066,50.7095,61.4955,4.273729,64,64,32
929,32,16,12,3,8,8,16,0,0,54.940611,54.4216,47.2389,66.7819,8.211294,64,64,32
930,32,64,6,2,6,16,32,0,0,55.410522,55.1481,54.1815,57.2884,1.174132,64,64,32
931,16,16,10,2,4,8,8,2,0,55.32532,54.4067,51.8338,63.1529,4.494476,32,32,16
932,16,16,10,2,8,32,16,2,0,55.412232,54.1785,52.4244,59.9557,2.98644,32,32,16
933,32,64,6,2,4,32,16,2,0,55.401137,56.2052,50.1794,59.0613,3.289776,64,64,32
934,32,64,6,2,8,16,16,0,0,55.539846,56.7351,52.9155,57.7775,2.164934,64,64,32
935,32,64,6,2,8,8,32,2,0,55.534082,55.914,50.0824,63.025,4.750336,64,64,32
936,32,64,6,2,6,16,8,2,0,55.778223,56.2556,52.804,58.2396,2.448277,64,64,32
937,16,16,10,2,8,8,8,2,0,55.768738,57.6601,51.804,58.7459,3.07513,32,32,16
938,16,4,12,2,6,8,8,0,0,55.776036,54.7404,53.3105,61.0515,3.026841,32,32,16
939,32,64,6,2,6,16,32,2,0,55.78712,55.2054,53.5191,60.4932,2.807384,64,64,32
940,32,64,6,2,8,32,32,0,0,55.918539,55.8886,54.7046,58.0453,1.35584,64,64,32
941,32,64,6,2,6,32,8,2,0,55.909287,55.0392,53.4623,58.8332,2.620002,64,64,32
942,32,64,6,2,4,8,16,2,0,56.417437,56.6591,54.4117,59.3865,2.08787,64,64,32
943,16,4,12,2,4,16,8,0,0,56.452932,55.9128,54.8769,59.3297,1.758563,32,32,16
944,32,16,12,3,4,32,32,0,0,55.612191,50.5979,48.6238,77.1822,12.055873,64,64,32
945,32,64,6,2,8,32,16,2,0,56.394931,54.0609,52.3231,65.1567,5.138461,64,64,32
946,32,4,10,2,6,8,32,0,0,56.359051,54.3796,50.9083,66.4895,6.044066,64,64,32
947,32,64,6,2,6,32,32,2,0,56.660576,56.0603,53.2845,63.4942,3.983739,64,64,32
948,32,64,6,2,8,32,16,0,0,56.764901,56.8117,55.642,57.8241,0.951109,64,64,32
949,32,64,6,2,6,16,8,0,0,56.819299,56.7792,55.8413,57.9694,0.756831,64,64,32
950,32,64,6,2,8,8,32,0,0,56.794653,55.857,55.0854,61.0278,2.456969,64,64,32
951,32,64,6,2,6,32,16,2,0,56.549476,54.7791,50.1337,66.1748,7.114151,64,64,32
952,32,4,10,2,4,8,8,2,0,56.689975,57.8709,50.4579,64.9018,5.898857,64,64,32
953,32,64,6,2,8,16,8,2,0,56.938433,56.9488,54.9784,58.8138,1.43082,64,64,32
954,16,4,12,2,6,16,32,2,0,56.982899,55.2844,52.962,66.7576,5.47955,32,32,16
955,32,64,6,2,8,32,8,2,0,57.182743,55.6686,54.7646,61.8103,2.875485,64,64,32
956,32,64,6,2,4,32,32,0,0,57.328026,57.048,55.1989,59.2555,1.53913,64,64,32
957,32,4,10,2,8,16,16,0,0,57.35147,56.6002,50.3248,64.0155,5.126556,64,64,32
958,32,16,12,3,4,32,16,2,0,56.17312,57.1917,40.1534,77.7349,14.094236,64,64,32
959,32,64,6,2,4,8,32,2,0,57.526053,57.8045,54.3757,60.9117,3.002108,64,64,32
960,16,16,10,2,4,32,32,0,0,57.611202,57.5399,56.2171,59.166,1.074472,32,32,16
961,32,64,6,2,4,8,16,0,0,57.577926,56.5943,54.1582,61.2389,2.891811,64,64,32
962,16,4,12,2,4,16,8,2,0,57.42756,54.8418,52.631,68.335,6.358093,32,32,16
963,16,16,10,2,6,8,16,0,0,57.525177,58.2438,51.4875,63.299,5.196142,32,32,16
964,16,4,12,2,4,16,32,2,0,57.609956,56.8524,51.3172,65.32,5.215073,32,32,16
965,16,16,10,2,6,16,32,2,0,57.685556,56.7597,51.5998,63.5933,4.815418,32,32,16
966,32,4,10,2,6,8,8,2,0,57.584065,57.7441,51.1301,69.5242,7.104224,64,64,32
967,32,64,6,2,8,8,8,0,0,58.024468,58.465,54.824,62.5623,2.954405,64,64,32
968,16,4,12,2,8,32,8,0,0,58.030213,56.8478,52.5894,66.2827,5.022515,32,32,16
969,16,4,12,2,8,32,32,2,0,58.245968,58.5092,55.4293,60.4804,2.100608,32,32,16
970,16,4,12,2,8,8,16,0,0,58.053781,55.021,54.2326,70.731,6.990075,32,32,16
971,16,16,10,2,4,16,16,2,0,58.29384,58.0551,55.2695,61.5697,3.107707,32,32,16
972,32,64,6,2,4,16,16,0,0,58.336111,57.5293,55.4823,62.8847,2.796233,64,64,32
973,32,64,6,2,8,8,16,2,0,58.421282,58.5464,56.0313,60.2827,1.529877,64,64,32
974,32,64,6,2,4,16,32,2,0,58.571274,58.6185,56.342,61.4602,1.873897,64,64,32
975,16,4,12,2,8,16,8,2,0,58.33713,55.6692,54.5072,70.2048,6.560315,32,32,16
976,32,64,6,2,8,16,32,0,0,58.540832,58.9643,53.9122,62.3184,3.09066,64,64,32
977,32,4,10,2,4,8,16,0,0,58.271524,59.676,50.4564,68.903,7.578524,64,64,32
978,16,4,12,2,6,16,8,0,0,58.523976,56.6848,54.0369,64.3191,4.57671,32,32,16
979,32,4,10,2,8,8,16,2,0,57.26998,50.0025,45.1684,76.8676,14.723286,64,64,32
980,16,64,12,3,6,16,8,2,0,58.719278,58.1884,56.0981,62.2925,2.600827,32,32,16
981,16,4,12,2,8,8,16,2,0,58.766946,57.5572,56.8544,61.974,2.340786,32,32,16
982,16,16,10,2,6,32,8,0,0,58.886895,58.8809,53.8582,63.2507,3.806861,32,32,16
983,16,4,12,2,6,16,8,2,0,58.283039,54.5249,48.4089,76.9418,11.153014,32,32,16
984,32,64,6,2,6,8,8,0,0,59.031461,60.331,53.6551,62.6698,3.743668,64,64,32
985,32,4,10,2,6,16,32,0,0,59.240075,59.1501,55.3325,62.5143,2.823271,64,64,32
986,32,64,6,2,6,32,16,0,0,59.239358,58.1345,55.3677,66.0677,4.548238,64,64,32
987,16,4,12,2,6,16,16,0,0,59.30964,58.9542,54.28,66.2262,4.322514,32,32,16
988,16,4,12,2,4,32,8,2,0,59.498191,58.2872,56.951,62.9166,2.583239,32,32,16
989,16,16,10,2,6,32,32,0,0,59.670606,60.2743,56.8931,61.5136,1.816228,32,32,16
990,16,4,12,2,6,8,8,2,0,59.586036,59.7378,55.2679,65.0252,4.268549,32,32,16
991,16,16,10,2,6,8,32,0,0,59.718596,59.4699,55.1612,64.8961,3.50505,32,32,16
992,16,16,10,2,6,16,32,0,0,59.482356,58.1622,53.3782,72.4016,7.479103,32,32,16
993,32,64,6,2,6,8,16,0,0,59.781161,58.9547,56.371,66.2553,3.876945,64,64,32
994,32,4,10,2,8,8,8,2,0,59.830008,58.3694,56.679,68.08,4.604527,64,64,32
995,16,4,12,2,4,32,16,0,0,60.104283,60.5803,57.0097,63.1514,2.313704,32,32,16
996,32,64,6,2,6,32,32,0,0,60.197375,60.1661,58.8446,62.377,1.351201,64,64,32
997,32,4,10,2,6,8,16,0,0,60.098363,59.9349,55.1359,67.3111,4.564183,64,64,32
998,32,64,6,2,8,8,16,0,0,60.274918,60.0985,59.3131,61.8656,1.03501,64,64,32
999,32,4,10,2,4,8,8,0,0,59.724976,58.5883,49.7576,75.1371,9.711638,64,64,32
1000,32,4,10,2,6,16,16,2,0,60.298295,60.3172,56.8483,63.8582,2.479283,64,64,32
1001,32,64,6,2,4,16,32,0,0,60.61728,60.2968,57.8899,64.3645,2.52952,64,64,32
1002,32,64,6,2,4,16,16,2,0,60.589322,59.7489,55.7739,68.0912,4.548643,64,64,32
1003,16,16,10,2,8,8,8,0,0,60.273119,56.4363,53.7051,73.7526,8.483491,32,32,16
1004,32,64,6,2,6,16,16,0,0,60.730908,60.2185,59.5528,63.3299,1.49085,64,64,32
1005,16,4,12,2,8,16,8,0,0,60.879278,59.6222,58.7534,65.1457,2.758816,32,32,16
1006,16,64,12,3,4,32,32,2,0,60.88282,59.644,58.4992,65.7317,2.845904,32,32,16
1007,32,64,6,2,4,8,8,0,0,60.659166,61.1686,52.3132,72.2247,7.263512,64,64,32
1008,16,16,10,2,8,32,8,2,0,60.933386,61.6549,55.3317,67.825,4.715495,32,32,16
1009,16,64,12,3,6,8,32,2,0,61.327619,61.1967,57.3212,65.0932,2.786887,32,32,16
1010,16,4,12,2,8,32,16,2,0,61.292683,62.3143,56.4479,66.2973,4.11938,32,32,16
1011,16,16,10,2,6,32,32,2,0,61.419054,60.9311,56.7927,65.7406,3.821764,32,32,16
1012,16,4,12,2,6,32,8,0,0,61.465489,61.6373,56.4207,67.0822,3.935395,32,32,16
1013,16,16,10,2,8,32,32,2,0,61.604091,61.2848,53.2884,71.4018,6.448945,32,32,16
1014,16,4,12,2,4,16,16,0,0,61.803107,58.683,58.3077,71.3938,5.601763,32,32,16
1015,16,16,10,2,4,16,16,0,0,61.927974,62.2223,58.2062,66.8689,3.451912,32,32,16
1016,32,64,6,2,8,32,8,0,0,62.06147,61.4784,58.3694,65.507,3.042601,64,64,32
1017,16,4,12,2,4,32,32,2,0,62.130735,61.1642,57.677,68.1096,3.878339,32,32,16
1018,32,64,6,2,4,32,8,2,0,62.167656,60.3588,58.3866,67.5631,3.858185,64,64,32
1019,32,64,6,2,6,8,32,0,0,62.252226,62.7634,59.5872,64.509,1.824472,64,64,32
1020,16,16,10,2,4,8,32,0,0,62.214633,61.1598,58.8006,68.4747,3.967701,32,32,16
1021,16,4,12,2,8,32,16,0,0,61.964971,59.7521,54.982,72.5444,7.624423,32,32,16
1022,32,4,10,2,6,32,8,0,0,61.454083,58.2159,48.8701,82.6092,12.723567,64,64,32
1023,16,4,12,2,8,16,16,2,0,62.345305,61.3476,56.671,70.8767,5.768556,32,32,16
1024,16,4,12,2,6,32,16,0,0,62.369454,60.1487,56.6867,73.4594,6.444557,32,32,16
1025,16,64,12,3,4,8,16,2,0,62.550196,62.2998,57.3004,68.6055,4.975433,32,32,16
1026,32,64,6,2,4,8,32,0,0,62.795846,65.3384,56.7001,66.8581,4.610345,64,64,32
1027,16,64,12,3,8,32,32,2,0,62.746625,64.3467,54.3143,71.6939,6.717245,32,32,16
1028,16,64,12,3,4,32,8,2,0,62.974542,63.4666,59.4924,68.907,3.79924,32,32,16
1029,16,64,12,3,4,32,16,2,0,63.057358,63.697,58.7718,67.3726,3.152039,32,32,16
1030,16,16,10,2,4,16,32,0,0,62.868637,58.9859,57.9184,76.4409,7.771934,32,32,16
1031,16,64,12,3,8,8,32,2,0,63.315973,64.9258,58.7768,65.3231,2.741209,32,32,16
1032,16,16,10,2,4,8,8,0,0,63.330411,61.5696,57.9336,71.0784,5.305572,32,32,16
1033,16,16,10,2,4,16,8,0,0,63.717258,65.4914,58.4009,66.263,3.234421,32,32,16
1034,16,4,12,2,6,32,16,2,0,63.774365,63.4394,59.3908,67.8387,3.464155,32,32,16
1035,16,4,12,2,8,8,8,2,0,63.691623,62.1608,59.0371,72.4512,5.525961,32,32,16
1036,16,16,10,2,8,32,16,0,0,63.731762,64.3549,56.5797,70.5032,5.603858,32,32,16
1037,16,4,12,2,6,32,32,2,0,63.688105,62.4929,55.8525,70.6391,6.2115,32,32,16
1038,16,4,12,2,6,32,32,0,0,63.890511,65.7412,59.3466,67.6723,3.973747,32,32,16
1039,16,4,12,2,4,8,32,2,0,63.926667,62.1624,57.7847,75.5798,7.027002,32,32,16
1040,32,64,6,2,8,16,8,0,0,64.12928,64.1554,59.1621,69.9456,3.869984,64,64,32
1041,16,64,12,3,6,8,16,2,0,64.160297,64.7996,60.2132,70.651,4.329157,32,32,16
1042,16,64,12,3,6,16,16,2,0,64.337813,64.6611,61.8039,67.7213,2.472097,32,32,16
1043,32,64,6,2,4,8,8,2,0,63.703567,62.6738,52.6501,83.031,11.632973,64,64,32
1044,16,16,10,2,8,32,32,0,0,64.399922,63.2882,60.0464,69.8957,4.107567,32,32,16
1045,16,64,12,3,8,16,8,0,0,64.867632,64.7459,63.2617,66.9919,1.357705,32,32,16
1046,16,16,10,2,8,16,32,2,0,64.938761,64.5989,61.6339,71.3107,3.826386,32,32,16
1047,32,64,6,2,4,16,8,0,0,64.910002,63.5307,59.2603,71.024,4.972177,64,64,32
1048,16,64,12,3,6,16,32,2,0,64.781814,64.6812,57.9666,76.184,6.933621,32,32,16
1049,16,64,12,3,4,16,16,2,0,64.759942,62.6758,57.1171,78.424,8.05397,32,32,16
1050,16,16,10,2,4,16,8,2,0,64.89949,62.2197,57.0798,75.7568,7.378623,32,32,16
1051,16,4,12,2,6,8,32,0,0,65.459766,65.3913,58.2482,75.6285,6.650387,32,32,16
1052,16,64,12,3,6,16,32,0,0,65.617187,65.552,61.6857,72.8215,4.542134,32,32,16
1053,16,64,12,3,6,8,8,0,0,65.841167,66.1079,63.7107,68.2595,1.694288,32,32,16
1054,16,16,10,2,4,8,16,0,0,65.955529,66.3688,61.5011,68.8012,2.964328,32,32,16
1055,16,16,10,2,8,32,8,0,0,65.938038,64.1865,60.5569,72.0489,5.535237,32,32,16
1056,16,4,12,2,4,8,16,0,0,66.225336,64.5373,62.3389,74.5035,5.046984,32,32,16
1057,16,64,12,3,6,16,8,0,0,66.434031,65.6556,64.5428,69.9789,2.088037,32,32,16
1058,16,64,12,3,6,8,8,2,0,66.336005,66.9906,61.3443,73.6189,4.681152,32,32,16
1059,16,4,12,2,4,16,32,0,0,66.456779,67.8338,61.6848,71.1688,4.36945,32,32,16
1060,16,64,12,3,8,16,32,2,0,66.438011,67.2187,58.7658,78.4946,7.940444,32,32,16
1061,16,4,12,2,6,16,32,0,0,66.923404,65.5403,60.8173,75.3239,5.328317,32,32,16
1062,16,64,12,3,8,16,8,2,0,66.881113,62.3596,60.1242,82.7239,9.463875,32,32,16
1063,32,64,6,2,4,32,8,0,0,67.000759,63.954,60.3659,84.9125,10.037868,64,64,32
1064,16,64,12,3,4,16,8,2,0,67.520605,66.8385,64.256,74.9907,4.356882,32,32,16
1065,16,4,12,2,8,16,32,0,0,67.805409,66.9123,63.4117,72.6217,4.062908,32,32,16
1066,32,64,6,2,4,16,8,2,0,65.911554,59.5515,52.1196,101.2803,20.229911,64,64,32
1067,16,4,12,2,8,32,32,0,0,67.662865,66.1981,58.9288,79.1368,8.688068,32,32,16
1068,16,64,12,3,4,8,32,0,0,68.094611,68.6135,66.0139,70.0364,1.692113,32,32,16
1069,16,64,12,3,8,8,16,2,0,68.049251,69.2773,63.7249,73.9046,4.384649,32,32,16
1070,16,16,10,2,4,8,32,2,0,66.439694,57.7697,53.2624,103.6908,21.124853,32,32,16
1071,16,4,12,2,4,32,32,0,0,68.714915,70.4402,63.9295,73.4801,4.026426,32,32,16
1072,16,16,10,2,6,16,16,2,0,68.498893,64.5968,63.7413,82.5501,8.030535,32,32,16
1073,16,64,12,3,4,16,32,0,0,69.302363,70.8726,64.9923,72.1915,3.199057,32,32,16
1074,16,4,12,2,6,32,8,2,0,69.020699,66.7992,57.9996,80.4709,8.666708,32,32,16
1075,16,64,12,3,4,32,32,0,0,69.495981,69.8247,66.5698,72.1289,2.017365,32,32,16
1076,16,64,12,3,8,32,16,0,0,69.423556,68.1482,65.3545,75.0131,4.382621,32,32,16
1077,16,4,12,2,8,32,8,2,0,69.521683,69.2756,53.79,82.4882,10.938715,32,32,16
1078,16,64,12,3,6,8,32,0,0,70.354913,69.7198,67.8972,74.4642,2.618322,32,32,16
1079,16,64,12,3,4,16,16,0,0,70.720971,71.188,66.8821,73.2656,2.463254,32,32,16
1080,16,4,12,2,6,8,16,2,0,70.36856,74.7457,58.2582,77.9839,8.399871,32,32,16
1081,32,64,6,2,4,32,16,0,0,70.722788,70.9443,65.5727,74.8339,3.463126,64,64,32
1082,16,64,12,3,4,32,8,0,0,70.716193,73.5561,64.4944,74.3454,4.529648,32,32,16
1083,16,4,12,2,6,16,16,2,0,70.188531,69.0054,60.4001,86.2273,11.329786,32,32,16
1084,16,64,12,3,4,32,16,0,0,71.086838,71.3948,66.1888,77.805,4.355712,32,32,16
1085,16,64,12,3,6,16,16,0,0,71.261006,71.6518,67.2515,75.5436,3.576066,32,32,16
1086,16,4,12,2,8,8,32,2,0,71.092293,73.3205,60.4843,83.0863,9.871971,32,32,16
1087,16,4,12,2,4,8,16,2,0,71.465765,73.9497,64.7912,77.7721,6.200552,32,32,16
1088,16,64,12,3,8,8,16,0,0,71.990181,70.4057,65.1701,80.506,6.061726,32,32,16
1089,16,64,12,3,8,8,8,2,0,71.953114,74.009,56.9147,81.2079,9.551976,32,32,16
1090,16,64,12,3,8,8,8,0,0,72.443676,73.8065,66.5694,75.616,3.504383,32,32,16
1091,16,16,10,2,8,8,32,0,0,72.503433,73.3309,69.6981,75.7206,2.440964,32,32,16
1092,16,4,12,2,4,32,8,0,0,72.442366,71.9788,67.5626,79.1183,4.228844,32,32,16
1093,16,16,10,2,6,32,16,0,0,72.449201,75.8501,64.1487,77.427,5.865649,32,32,16
1094,16,64,12,3,8,16,16,2,0,72.642618,74.3709,66.2201,76.0839,3.925472,32,32,16
1095,16,64,12,3,4,8,16,0,0,72.758752,74.4667,67.4344,75.4481,3.307426,32,32,16
1096,16,64,12,3,8,16,16,0,0,72.582019,71.0709,65.0876,87.4328,8.605976,32,32,16
1097,16,64,12,3,4,16,8,0,0,72.833603,71.1282,68.2498,80.7769,4.959244,32,32,16
1098,16,64,12,3,8,32,8,0,0,73.042812,74.4634,66.3773,76.8058,4.007769,32,32,16
1099,16,16,10,2,6,16,8,0,0,70.518758,63.2369,57.6628,117.0848,24.738691,32,32,16
1100,16,64,12,3,6,8,16,0,0,73.175831,72.1215,68.2604,79.5391,5.060373,32,32,16
1101,16,64,12,3,8,32,8,2,0,72.450587,66.8287,61.8865,89.1029,12.873309,32,32,16
1102,16,16,10,2,6,32,16,2,0,71.522779,70.5461,53.3943,96.3471,18.338029,32,32,16
1103,16,64,12,3,4,8,32,2,0,72.813404,68.3682,62.7852,94.7925,13.043292,32,32,16
1104,16,16,10,2,8,16,8,0,0,73.837364,73.1287,70.8561,79.8871,3.62773,32,32,16
1105,16,16,10,2,4,8,16,2,0,70.749517,65.9992,53.5588,122.581,27.802318,32,32,16
1106,16,64,12,3,4,8,8,2,0,74.200139,71.9422,68.6476,85.5852,6.57155,32,32,16
1107,16,16,10,2,8,16,16,2,0,75.57505,74.5411,71.3906,82.5986,4.71778,32,32,16
1108,16,16,10,2,8,16,32,0,0,75.618194,75.5886,69.017,82.0722,4.729939,32,32,16
1109,16,4,12,2,4,8,8,0,0,75.073134,71.1188,62.2058,92.614,13.592855,32,32,16
1110,16,64,12,3,4,16,32,2,0,74.574069,70.7271,61.287,107.2695,18.416343,32,32,16
1111,16,64,12,3,6,32,16,2,0,74.256021,62.779,60.4696,100.1547,19.772673,32,32,16
1112,16,16,10,2,8,8,16,0,0,76.174885,73.8458,71.9692,87.0276,6.090482,32,32,16
1113,16,16,10,2,8,8,16,2,0,75.751988,79.899,62.565,91.6988,12.823337,32,32,16
1114,16,64,12,3,6,32,16,0,0,76.877713,74.8802,71.1688,89.2986,7.395615,32,32,16
1115,16,4,12,2,8,8,8,0,0,76.623704,80.7378,62.2014,90.3753,11.495202,32,32,16
1116,16,64,12,3,6,32,32,2,0,77.429472,77.3869,73.302,81.3688,2.89992,32,32,16
1117,16,16,10,2,8,8,32,2,0,77.419819,77.7586,70.4925,86.1529,6.04092,32,32,16
1118,16,4,12,2,4,32,16,2,0,77.429711,80.7991,65.9801,89.3091,9.547374,32,32,16
1119,16,64,12,3,8,16,32,0,0,78.729585,77.1194,76.6309,85.2516,3.644604,32,32,16
1120,16,64,12,3,8,8,32,0,0,78.593866,80.9197,69.8479,87.2033,7.467455,32,32,16
1121,32,4,10,2,8,8,32,0,0,79.412681,78.496,74.104,85.517,5.566896,64,64,32
1122,16,16,10,2,8,16,16,0,0,81.430735,78.8854,75.8453,91.2827,6.577464,32,32,16
1123,16,4,12,2,4,8,8,2,0,81.574357,73.5053,67.3306,111.2886,18.15744,32,32,16
1124,16,16,10,2,8,16,8,2,0,82.226084,87.3311,62.1052,97.6458,13.678271,32,32,16
1125,16,64,12,3,8,32,16,2,0,83.082088,80.2516,76.0448,97.8957,9.114448,32,32,16
1126,16,64,12,3,6,32,8,2,0,83.097374,83.744,67.1838,105.625,14.297116,32,32,16
1127,16,4,12,2,8,16,16,0,0,83.307929,79.6221,68.6302,100.3027,14.186254,32,32,16
1128,16,64,12,3,4,8,8,0,0,85.958419,86.0358,82.5578,89.7181,2.981133,32,32,16
1129,16,64,12,3,8,32,32,0,0,85.885123,87.4555,75.2569,91.98,6.473998,32,32,16
1130,16,4,12,2,6,8,16,0,0,84.607774,86.1439,60.6179,114.7831,20.216897,32,32,16
1131,32,16,10,2,8,32,32,2,0,86.466365,84.9345,84.3789,93.0459,3.662529,64,64,32
1132,16,64,12,3,6,32,8,0,0,86.397418,92.233,68.1672,100.8653,12.783392,32,32,16
1133,32,16,10,2,4,8,8,2,0,87.954943,87.8588,85.062,91.322,2.29124,64,64,32
1134,32,16,10,2,8,16,8,2,0,88.19845,88.7071,82.2947,96.4176,5.634356,64,64,32
1135,32,16,10,2,8,16,16,2,0,88.715015,86.7818,84.8462,95.8352,4.357872,64,64,32
1136,32,16,10,2,8,16,32,0,0,88.995984,89.7892,81.0131,98.0773,6.700823,64,64,32
1137,16,64,12,3,6,32,32,0,0,88.104804,95.2331,67.8678,108.4415,17.124675,32,32,16
1138,32,16,10,2,8,32,32,0,0,89.623721,88.6813,85.6717,92.8858,3.009813,64,64,32
1139,16,16,12,2,8,16,32,2,0,90.44684,90.8618,87.478,92.3083,2.054737,32,32,16
1140,16,16,12,2,8,8,32,2,0,90.921713,91.4373,89.0537,92.0113,1.162618,32,32,16
1141,32,16,10,2,8,8,16,0,0,91.25577,92.6424,85.4129,97.4488,4.90765,64,64,32
1142,32,16,10,2,8,32,16,2,0,91.528399,91.5419,87.665,96.9682,3.45853,64,64,32
1143,32,16,10,2,4,32,32,2,0,91.583563,91.7717,86.0744,97.6825,5.579941,64,64,32
1144,32,16,10,2,4,8,32,2,0,91.790981,93.126,85.1069,99.456,5.403665,64,64,32
1145,32,16,10,2,8,8,32,2,0,91.830568,93.9016,81.1637,99.6901,7.156677,64,64,32
1146,32,16,10,2,4,16,16,2,0,91.938078,94.9851,83.9468,97.9115,6.289369,64,64,32
1147,16,16,12,2,8,16,16,2,0,92.221504,93.6342,85.8375,94.7595,3.641526,32,32,16
1148,32,16,10,2,8,16,32,2,0,92.190799,90.9368,85.6149,99.149,5.142792,64,64,32
1149,16,16,12,2,8,16,8,2,0,92.293968,91.7731,90.5158,95.5473,2.057068,32,32,16
1150,16,4,12,2,4,8,32,0,0,89.988314,86.5619,71.1039,135.1335,24.974541,32,32,16
1151,32,16,10,2,4,8,16,0,0,92.213583,91.5865,85.389,99.4486,5.081493,64,64,32
1152,16,16,12,2,6,16,16,2,0,92.656531,91.0544,90.9723,96.0379,2.364162,32,32,16
1153,32,16,10,2,4,32,16,2,0,92.687759,93.5628,88.5259,98.4451,4.131889,64,64,32
1154,32,16,10,2,6,16,16,2,0,93.285703,92.554,90.5353,96.3102,2.765807,64,64,32
1155,16,16,12,2,6,32,16,2,0,93.37904,93.3657,89.8611,97.751,2.902674,32,32,16
1156,32,16,10,2,4,32,32,0,0,93.785323,94.2929,85.7375,104.4816,8.241384,64,64,32
1157,16,16,12,2,6,16,32,2,0,94.107605,92.0336,90.2279,100.4179,4.416814,32,32,16
1158,32,16,10,2,8,32,16,0,0,94.055493,95.5156,85.7457,101.2992,5.76348,64,64,32
1159,32,16,10,2,8,32,8,0,0,94.0131,90.4951,86.3434,106.4349,8.383741,64,64,32
1160,32,4,12,2,8,32,8,2,0,94.217707,93.4402,88.9729,101.5025,4.545327,64,64,32
1161,16,16,12,2,8,8,16,2,0,94.604525,92.5417,91.7949,98.4655,3.480612,32,32,16
1162,32,16,10,2,8,16,8,0,0,94.671054,92.4667,89.4121,102.5371,5.967087,64,64,32
1163,32,16,10,2,8,8,8,0,0,94.754306,93.7667,87.768,110.6447,9.263919,64,64,32
1164,32,16,10,2,8,8,8,2,0,94.946032,91.5374,90.0132,105.0245,6.628229,64,64,32
1165,32,4,12,2,8,16,16,2,0,95.34263,96.1915,91.8028,97.2895,2.229524,64,64,32
1166,32,16,10,2,6,32,16,2,0,95.462048,92.5889,91.5336,102.8823,4.968346,64,64,32
1167,32,16,10,2,6,8,8,2,0,95.541119,97.1427,89.2147,102.9991,5.689397,64,64,32
1168,32,16,10,2,4,32,16,0,0,95.697963,96.6738,88.4024,101.4784,4.750531,64,64,32
1169,16,16,12,2,8,8,8,2,0,95.994101,95.4917,94.4449,98.9893,1.855232,32,32,16
1170,32,16,10,2,6,8,16,2,0,95.908096,94.0332,89.9731,107.3596,6.915982,64,64,32
1171,32,16,10,2,8,8,32,0,0,95.981006,94.4795,90.7689,103.7281,5.659478,64,64,32
1172,32,4,12,2,6,32,16,2,0,96.176258,95.9989,91.8292,103.4488,4.469844,64,64,32
1173,32,4,12,2,6,32,8,2,0,96.418679,94.9191,92.5052,101.9166,4.080451,64,64,32
1174,32,16,10,2,4,16,32,0,0,96.349934,99.3201,88.9212,102.7958,6.467407,64,64,32
1175,32,4,12,2,6,32,32,2,0,96.427365,98.3071,88.7879,109.183,8.417925,64,64,32
1176,16,16,12,2,8,16,16,0,0,96.786303,96.1565,92.5537,106.3567,5.650374,32,32,16
1177,32,16,10,2,8,32,8,2,0,95.563708,93.856,80.4557,129.5263,19.221809,64,64,32
1178,32,4,12,2,8,32,16,2,0,96.996206,95.9225,94.3204,101.7695,2.957476,64,64,32
1179,32,4,12,2,6,32,32,0,0,97.082276,96.4004,94.0339,103.6927,3.96032,64,64,32
1180,32,16,10,2,6,32,32,0,0,96.801811,98.0214,85.5936,108.7827,9.255021,64,64,32
1181,32,4,12,2,6,16,16,2,0,97.173473,96.6933,91.741,103.2066,4.103808,64,64,32
1182,32,16,10,2,4,16,8,2,0,95.884422,86.2046,86.0531,131.0214,19.450363,64,64,32
1183,16,16,12,2,6,16,16,0,0,97.299811,97.0321,91.7404,103.2335,4.669411,32,32,16
1184,32,16,10,2,6,8,16,0,0,97.083907,93.4455,91.338,113.6516,9.187428,64,64,32
1185,32,4,12,2,4,16,8,2,0,97.427943,98.7008,91.443,100.9815,3.989107,64,64,32
1186,32,4,12,2,6,8,8,2,0,97.421527,96.491,89.5796,103.8971,5.574014,64,64,32
1187,32,4,12,2,8,32,16,0,0,97.45121,95.202,90.0997,106.0783,6.692269,64,64,32
1188,32,4,12,2,6,16,32,0,0,97.595247,98.34,91.8706,102.0998,3.840867,64,64,32
1189,32,4,12,2,8,8,16,0,0,97.474562,96.0904,87.2806,105.4576,7.422904,64,64,32
1190,16,16,12,2,8,32,8,2,0,97.907104,96.7137,92.0113,105.2351,6.448411,32,32,16
1191,32,4,12,2,8,8,16,2,0,98.458093,99.0543,89.4946,108.5348,6.934759,64,64,32
1192,32,4,12,2,4,32,16,2,0,98.653012,99.5713,95.0077,100.158,2.091744,64,64,32
1193,32,16,10,2,6,32,32,2,0,98.602889,101.0234,89.1364,102.9364,5.732626,64,64,32
1194,32,4,12,2,6,16,32,2,0,98.560181,101.3176,90.415,107.0079,6.988245,64,64,32
1195,32,4,12,2,4,8,8,2,0,98.562045,97.1274,88.3749,107.5755,7.532185,64,64,32
1196,32,4,12,2,4,32,32,2,0,98.780347,96.9324,96.2017,104.8219,3.696454,64,64,32
1197,16,16,12,2,6,8,8,2,0,98.872598,97.5826,91.1105,107.0985,6.64805,32,32,16
1198,32,4,12,2,8,32,32,2,0,99.017261,97.7593,92.8938,104.953,5.100148,64,64,32
1199,16,16,12,2,6,8,16,2,0,98.841574,95.6676,92.7855,114.5653,8.821988,32,32,16
1200,32,4,12,2,8,8,8,0,0,99.298841,100.0012,94.0707,105.2703,4.127921,64,64,32
1201,32,4,12,2,6,8,16,2,0,99.206101,99.7684,92.8004,109.0411,6.47129,64,64,32
1202,16,16,12,2,6,16,8,2,0,99.325405,100.1836,91.4975,103.8865,4.940765,32,32,16
1203,16,16,12,2,6,32,32,2,0,99.249683,97.5233,93.0943,110.0379,7.192105,32,32,16
1204,32,16,10,2,6,8,8,0,0,99.415862,96.5337,91.0922,113.973,9.252495,64,64,32
1205,32,16,10,2,8,16,16,0,0,99.266786,98.9926,84.9127,114.8986,13.331415,64,64,32
1206,32,4,12,2,4,16,32,2,0,99.908629,102.1092,92.6938,108.1333,6.478898,64,64,32
1207,16,16,12,2,6,32,8,2,0,100.082788,100.1776,91.9353,107.4504,6.242991,32,32,16
1208,16,16,12,2,8,8,32,0,0,100.256337,100.3762,95.8157,106.8281,4.247372,32,32,16
1209,32,4,12,2,6,16,16,0,0,100.224877,99.1991,94.6791,107.5007,5.33548,64,64,32
1210,32,4,12,2,6,8,32,2,0,100.233746,99.6716,92.2349,108.5998,6.416137,64,64,32
1211,32,4,12,2,4,8,16,2,0,100.481574,101.7011,97.0192,103.7692,3.12318,64,64,32
1212,16,16,12,2,6,32,16,0,0,100.39915,99.8817,91.9623,113.6306,8.05457,32,32,16
1213,32,4,12,2,8,8,32,0,0,100.576515,100.0207,94.988,106.9668,4.395606,64,64,32
1214,16,16,12,2,8,16,8,0,0,100.654584,101.053,95.0528,108.4095,5.014973,32,32,16
1215,16,16,12,2,4,16,16,2,0,100.778458,99.1855,96.4742,108.4961,4.964986,32,32,16
1216,32,4,12,2,6,16,8,2,0,100.629073,106.5248,90.8228,108.2009,8.776443,64,64,32
1217,32,4,12,2,4,8,32,2,0,100.894253,103.8579,93.6599,104.7072,4.937398,64,64,32
1218,16,16,12,2,8,16,32,0,0,101.073818,101.9659,97.268,104.7233,2.882129,32,32,16
1219,16,16,12,2,6,8,32,0,0,101.136915,101.8794,98.0562,103.8855,2.329918,32,32,16
1220,32,4,12,2,4,8,8,0,0,101.154762,99.7197,97.3845,106.4056,3.673158,64,64,32
1221,32,4,12,2,8,16,32,2,0,101.159252,99.7275,95.1415,109.7005,6.200101,64,64,32
1222,32,16,10,2,4,8,32,0,0,100.968232,102.3764,88.8234,115.6234,10.042248,64,64,32
1223,32,16,10,2,4,16,32,2,0,101.122059,101.9159,88.2632,108.6795,8.226368,64,64,32
1224,16,16,12,2,6,8,32,2,0,101.382527,99.4406,98.638,108.1135,3.985519,32,32,16
1225,16,16,12,2,6,32,32,0,0,101.400304,99.3311,98.6871,107.2812,3.632921,32,32,16
1226,32,16,10,2,4,8,8,0,0,101.343444,104.4213,93.9797,108.1848,6.721644,64,64,32
1227,32,4,12,2,4,16,16,0,0,101.296874,98.1923,94.201,114.6546,8.131164,64,64,32
1228,32,4,12,2,6,32,8,0,0,101.632805,100.4632,95.018,111.177,5.872786,64,64,32
1229,32,4,12,2,6,8,8,0,0,101.66461,101.8531,93.4687,107.2616,5.152503,64,64,32
1230,16,16,12,2,8,32,8,0,0,101.746105,104.8403,91.8994,111.0743,7.485194,32,32,16
1231,32,4,12,2,4,32,8,0,0,101.797993,101.125,93.3538,112.0571,7.441476,64,64,32
1232,32,16,10,2,6,16,32,0,0,101.995187,100.2947,97.1478,110.4519,5.113882,64,64,32
1233,32,4,12,2,4,8,32,0,0,101.834825,101.2409,93.7997,113.5911,8.656437,64,64,32
1234,16,16,12,2,6,32,8,0,0,102.147796,104.1665,97.692,106.8625,4.077552,32,32,16
1235,32,4,12,2,6,8,32,0,0,102.171935,104.9635,94.5081,105.7316,4.737673,64,64,32
1236,32,4,12,2,8,32,8,0,0,102.657136,100.9669,98.7145,107.6483,4.458136,64,64,32
1237,32,4,12,2,4,32,8,2,0,102.764562,101.9955,100.5386,108.4499,3.273871,64,64,32
1238,32,16,10,2,4,32,8,2,0,102.535219,107.61,89.7513,111.8978,9.574488,64,64,32
1239,32,4,12,2,8,16,32,0,0,102.801297,103.3739,94.3773,109.3008,5.405979,64,64,32
1240,16,16,12,2,6,16,8,0,0,102.925307,100.748,100.1197,109.5972,4.072456,32,32,16
1241,16,16,12,2,8,8,8,0,0,102.834006,100.4817,95.5375,110.4332,6.397853,32,32,16
1242,16,16,12,2,6,16,32,0,0,102.996002,104.7559,99.0445,105.0564,2.670495,32,32,16
1243,32,16,10,2,6,16,8,2,0,102.932996,103.5162,93.9427,110.5124,5.951121,64,64,32
1244,32,16,10,2,6,16,32,2,0,102.953319,102.8949,95.7009,110.7078,6.060944,64,64,32
1245,32,4,12,2,8,16,16,0,0,103.424693,103.932,96.8823,107.3669,3.953588,64,64,32
1246,16,16,12,2,8,8,16,0,0,103.660271,103.1798,100.775,107.0198,2.487039,32,32,16
1247,32,4,12,2,6,16,8,0,0,103.845787,105.437,94.3605,111.7227,6.411465,64,64,32
1248,32,16,10,2,6,32,8,2,0,103.935666,103.0416,96.912,112.8555,6.197049,64,64,32
1249,16,16,12,2,4,32,8,2,0,103.953804,98.1959,96.6921,117.3045,9.421988,32,32,16
1250,16,16,12,2,8,32,16,0,0,104.298395,106.7519,97.3719,110.6006,5.768929,32,32,16
1251,16,16,12,2,6,8,16,0,0,104.364818,104.1203,98.3133,110.2162,4.536407,32,32,16
1252,32,4,12,2,4,8,16,0,0,104.491905,106.1402,97.4121,109.3108,4.691364,64,64,32
1253,32,16,10,2,6,16,8,0,0,104.635123,103.104,98.8515,115.7228,6.805967,64,64,32
1254,32,4,12,2,4,16,8,0,0,104.861841,103.8794,100.8532,109.7667,3.408908,64,64,32
1255,32,4,12,2,4,16,16,2,0,104.86125,107.2051,97.1774,111.9072,5.949775,64,64,32
1256,32,16,10,2,6,8,32,2,0,104.897016,102.4161,96.9336,118.8342,8.502931,64,64,32
1257,16,16,12,2,4,32,16,0,0,105.093114,103.4822,101.6595,112.3961,4.519748,32,32,16
1258,32,4,12,2,4,32,32,0,0,104.990439,103.9649,94.9151,116.8672,9.840888,64,64,32
1259,32,4,12,2,8,8,32,2,0,105.027812,103.3385,91.1725,119.3843,10.452691,64,64,32
1260,32,4,12,2,4,16,32,0,0,105.255153,107.3221,95.8748,114.8461,7.155821,64,64,32
1261,32,4,12,2,8,8,8,2,0,104.540176,98.0475,95.0097,135.2768,16.86853,64,64,32
1262,32,16,10,2,6,16,16,0,0,105.409581,102.6392,94.017,115.8548,9.308596,64,64,32
1263,32,4,12,2,6,8,16,0,0,105.639197,102.9555,99.4939,114.485,6.033989,64,64,32
1264,16,16,12,2,4,16,8,0,0,105.781686,101.9564,100.975,114.5546,6.328214,32,32,16
1265,32,4,12,2,8,16,8,2,0,106.516396,104.1255,101.2451,114.1744,5.611729,64,64,32
1266,16,16,12,2,6,8,8,0,0,106.821921,105.4874,102.4037,112.8905,4.098414,32,32,16
1267,32,16,10,2,8,8,16,2,0,105.012128,97.0343,90.2969,150.2942,24.616919,64,64,32
1268,32,16,10,2,6,8,32,0,0,106.700463,104.2753,98.2347,121.7925,9.732326,64,64,32
1269,16,16,12,2,4,16,32,2,0,107.067365,106.825,100.4258,112.0551,4.640566,32,32,16
1270,16,16,12,2,8,32,32,2,0,107.23505,103.8904,100.3672,121.0339,8.214874,32,32,16
1271,16,16,12,2,4,8,32,2,0,107.852074,104.632,95.6531,130.0526,12.887542,32,32,16
1272,32,64,12,3,4,16,16,2,0,108.358728,109.7612,102.3062,112.8701,4.391358,64,64,32
1273,16,16,12,2,4,32,16,2,0,108.716041,108.6252,103.285,113.5097,3.685018,32,32,16
1274,32,64,12,3,4,8,32,2,0,109.110294,109.55,105.9569,113.3265,2.970665,64,64,32
1275,32,64,12,3,6,16,8,2,0,109.366171,109.4871,107.0127,111.4125,1.960167,64,64,32
1276,32,16,10,2,4,32,8,0,0,109.046685,109.2969,90.3464,124.2613,12.821394,64,64,32
1277,16,16,12,2,4,32,32,0,0,109.549505,106.5105,103.818,119.1763,6.232968,32,32,16
1278,16,16,12,2,4,16,8,2,0,109.634698,109.3642,101.1944,119.0771,7.186856,32,32,16
1279,32,64,12,3,4,32,32,2,0,110.042997,109.6562,107.4958,115.0564,2.940569,64,64,32
1280,32,64,12,3,8,16,8,2,0,110.213487,109.0149,105.2126,118.2817,5.560763,64,64,32
1281,32,64,12,3,8,16,16,2,0,110.32159,110.207,104.7892,117.3291,4.570827,64,64,32
1282,32,16,10,2,4,8,16,2,0,108.81388,112.9048,86.4392,139.451,21.39858,64,64,32
1283,32,64,12,3,8,32,16,2,0,110.564225,109.6716,105.0973,116.6622,4.329883,64,64,32
1284,32,4,12,2,6,32,16,0,0,110.11041,110.8417,94.4912,128.4912,12.65544,64,64,32
1285,32,64,12,3,4,32,16,2,0,110.844537,109.2365,107.3706,119.4525,4.844135,64,64,32
1286,32,64,12,3,4,8,8,2,0,111.041158,109.5155,108.8868,115.8266,2.901686,64,64,32
1287,32,64,12,3,6,32,16,2,0,111.151906,109.1616,108.9022,117.2141,3.558168,64,64,32
1288,32,64,12,3,8,32,32,2,0,111.320729,111.5668,108.6046,114.2863,2.167978,64,64,32
1289,32,16,10,2,6,32,8,0,0,111.263994,114.8885,103.1089,118.3312,7.429038,64,64,32
1290,32,64,12,3,8,16,32,2,0,111.395319,115.2961,100.4142,118.7119,7.508997,64,64,32
1291,32,16,10,2,6,32,16,0,0,111.132165,105.3925,100.132,127.114,12.5241,64,64,32
1292,32,64,12,3,6,8,16,2,0,111.811346,109.9947,108.3803,120.7959,5.176455,64,64,32
1293,32,64,12,3,8,8,32,2,0,111.833158,113.9419,101.345,120.9774,7.515613,64,64,32
1294,32,64,12,3,4,16,32,0,0,112.321074,111.8869,107.5638,117.4406,4.015729,64,64,32
1295,32,64,12,3,4,16,32,2,0,112.240199,108.6505,103.1354,121.9687,8.241267,64,64,32
1296,32,64,12,3,6,16,32,2,0,112.568508,113.0858,108.1533,119.3216,4.582457,64,64,32
1297,32,64,12,3,4,16,16,0,0,112.669625,115.4248,101.576,118.8181,6.785895,64,64,32
1298,32,4,12,2,4,32,16,0,0,112.670422,106.0759,104.074,131.5623,12.056366,64,64,32
1299,32,64,12,3,6,8,8,2,0,113.650458,112.5921,111.3696,117.0964,2.377698,64,64,32
1300,32,64,12,3,8,8,16,2,0,113.621339,114.3923,109.3358,118.4429,3.922787,64,64,32
1301,32,64,12,3,4,16,8,2,0,113.721809,114.0516,109.1964,118.9604,4.043703,64,64,32
1302,32,64,12,3,6,8,32,2,0,113.829269,113.1637,108.0917,123.0715,6.274281,64,64,32
1303,32,64,12,3,8,8,16,0,0,114.646339,113.6364,112.9614,118.4339,2.246396,64,64,32
1304,32,64,12,3,4,8,32,0,0,114.499185,118.5142,101.2893,120.3045,7.90685,64,64,32
1305,32,64,12,3,6,32,32,0,0,114.948,114.482,111.4267,119.4295,3.46544,64,64,32
1306,32,64,12,3,6,8,8,0,0,115.458983,115.3219,111.9752,119.4137,2.644028,64,64,32
1307,32,64,12,3,6,32,8,2,0,115.452549,116.3267,110.2181,119.0334,3.291913,64,64,32
1308,32,64,12,3,6,8,32,0,0,115.517485,116.1508,111.5591,119.7484,3.233224,64,64,32
1309,16,16,12,2,4,32,32,2,0,114.062862,108.996,97.7008,155.2584,22.705006,32,32,16
1310,32,64,12,3,4,32,32,0,0,115.619457,114.2223,113.9451,118.3243,2.127623,64,64,32
1311,32,64,12,3,6,32,32,2,0,115.53015,116.5595,107.6498,121.9089,5.889616,64,64,32
1312,32,64,12,3,4,32,8,0,0,115.660959,115.0178,112.8732,121.5042,3.40518,64,64,32
1313,32,64,12,3,8,16,32,0,0,115.769479,116.1073,110.1861,121.9391,4.883668,64,64,32
1314,32,64,12,3,6,8,16,0,0,115.827233,115.8389,112.2446,121.7899,3.65603,64,64,32
1315,32,64,12,3,8,8,8,2,0,115.658399,113.9607,104.9237,125.9452,8.073027,64,64,32
1316,32,64,12,3,8,16,16,0,0,116.181495,117.6402,108.9833,120.1501,4.309432,64,64,32
1317,32,16,10,2,4,16,8,0,0,115.793099,122.123,97.2851,123.9804,11.085448,64,64,32
1318,32,64,12,3,4,8,16,2,0,116.331632,116.8465,108.6746,122.3129,4.935227,64,64,32
1319,32,64,12,3,8,16,8,0,0,116.529071,115.5842,113.9657,122.1565,3.290956,64,64,32
1320,32,4,12,2,8,16,8,0,0,116.139643,108.6719,106.4563,136.3165,13.26003,64,64,32
1321,32,64,12,3,4,32,8,2,0,116.80101,117.2643,105.6866,124.0702,6.97431,64,64,32
1322,32,16,10,2,4,16,16,0,0,116.221665,117.1329,93.2943,134.4342,15.073288,64,64,32
1323,32,64,12,3,6,32,8,0,0,117.111577,116.8305,113.2572,122.1515,3.349983,64,64,32
1324,32,64,12,3,8,32,16,0,0,117.205797,115.8381,111.8338,122.4691,4.732004,64,64,32
1325,32,64,12,3,6,16,32,0,0,117.469313,117.6735,113.2262,122.9999,3.8144,64,64,32
1326,32,64,12,3,4,16,8,0,0,117.706632,119.3708,110.8673,123.2671,5.502928,64,64,32
1327,16,16,12,2,4,16,16,0,0,117.847186,116.3342,108.6852,128.2548,7.542333,32,32,16
1328,16,64,10,2,4,16,32,2,0,118.129683,115.5566,114.3371,125.2344,4.750305,32,32,16
1329,16,4,12,2,8,8,32,0,0,108.89227,123.4376,65.5055,186.7282,52.229611,32,32,16
1330,16,64,10,2,4,8,8,2,0,118.44876,120.5986,112.8312,122.0024,4.085589,32,32,16
1331,32,64,12,3,6,16,8,0,0,118.492258,116.8061,112.4111,129.6891,6.789799,64,64,32
1332,32,64,12,3,8,32,8,0,0,118.579837,114.5434,111.6703,131.7029,8.086889,64,64,32
1333,32,64,12,3,8,8,8,0,0,118.803696,119.9946,111.4195,124.6179,4.786443,64,64,32
1334,32,64,12,3,8,8,32,0,0,119.194974,117.5766,112.3137,131.376,7.173538,64,64,32
1335,32,64,12,3,6,16,16,0,0,119.515051,119.9603,113.5962,124.1399,4.500979,64,64,32
1336,32,64,12,3,4,32,16,0,0,119.629529,117.8332,115.5918,128.6686,5.218887,64,64,32
1337,16,16,12,2,4,16,32,0,0,119.033776,112.5235,99.9585,143.975,17.435509,32,32,16
1338,32,64,12,3,4,8,8,0,0,120.106936,120.4178,111.6335,125.5574,5.829087,64,64,32
1339,16,64,10,2,4,16,8,2,0,120.709606,119.4091,116.5347,129.1424,4.866063,32,32,16
1340,32,64,12,3,4,8,16,0,0,120.963835,122.5189,111.0478,127.3588,6.090131,64,64,32
1341,16,16,12,2,4,8,16,2,0,121.238411,118.7077,111.0769,139.7642,11.097602,32,32,16
1342,16,64,10,2,4,32,32,2,0,122.648693,124.2921,117.5914,126.6312,3.81093,32,32,16
1343,16,64,10,2,4,16,16,2,0,122.608475,123.3303,114.7189,132.3289,6.821339,32,32,16
1344,16,16,12,2,4,8,32,0,0,122.892122,124.0821,118.1352,126.5098,3.152034,32,32,16
1345,32,64,12,3,6,32,16,0,0,122.826417,123.2773,113.0214,129.4402,6.188962,64,64,32
1346,16,16,12,2,8,32,16,2,0,123.142513,118.1837,103.5772,148.3104,18.053401,32,32,16
1347,32,64,12,3,8,32,32,0,0,124.42835,123.3691,118.5013,131.5361,5.180777,64,64,32
1348,16,64,10,2,4,8,32,2,0,125.584238,122.6327,119.8971,133.648,5.791138,32,32,16
1349,16,64,10,2,6,16,16,2,0,125.904933,124.7364,121.6407,130.6445,3.676344,32,32,16
1350,16,64,10,2,8,32,32,2,0,126.048779,126.5031,117.8448,133.1077,5.435299,32,32,16
1351,16,64,10,2,6,8,16,2,0,126.042788,127.2666,115.803,135.5742,7.987212,32,32,16
1352,16,16,12,2,8,32,32,0,0,125.968175,122.2532,108.4278,155.9672,19.10025,32,32,16
1353,16,16,12,2,4,8,16,0,0,126.837762,121.9329,116.6298,145.4695,12.039723,32,32,16
1354,16,16,12,2,4,8,8,0,0,127.056699,124.2297,117.5073,148.7447,12.813688,32,32,16
1355,16,64,10,2,4,8,16,2,0,127.394988,122.1524,119.8939,143.0247,10.175413,32,32,16
1356,16,64,10,2,6,16,8,2,0,127.515955,126.478,115.2726,141.246,9.562875,32,32,16
1357,32,64,12,3,6,16,16,2,0,125.52705,116.075,108.2531,185.4164,32.224905,64,64,32
1358,16,64,10,2,4,16,16,0,0,128.847554,126.6896,124.5878,135.9312,4.647438,32,32,16
1359,16,64,10,2,4,32,16,2,0,128.825635,131.7993,118.8834,137.8354,7.666177,32,32,16
1360,16,64,10,2,8,32,16,2,0,129.333503,127.8171,121.4951,138.7193,6.508052,32,32,16
1361,16,16,12,2,4,32,8,0,0,129.790528,131.5645,114.1153,137.2539,9.321004,32,32,16
1362,16,64,10,2,8,8,16,2,0,131.321421,127.8383,123.5353,147.751,9.595453,32,32,16
1363,32,4,12,2,8,32,32,0,0,127.632808,111.7316,103.4121,194.541,38.737114,64,64,32
1364,16,64,10,2,6,8,32,2,0,131.611579,132.4721,124.914,137.1688,5.491574,32,32,16
1365,16,64,10,2,4,32,8,2,0,131.809942,130.6699,125.9522,139.0693,5.233935,32,32,16
1366,16,64,10,2,6,8,16,0,0,133.331504,134.2908,126.2797,138.1271,4.41549,32,32,16
1367,16,64,10,2,8,8,8,2,0,134.945224,134.7094,121.9301,146.3832,10.521412,32,32,16
1368,16,64,10,2,4,32,8,0,0,136.048076,136.8468,128.2245,143.178,6.150813,32,32,16
1369,16,64,10,2,4,32,32,0,0,137.270238,137.4271,133.8738,139.9723,2.206791,32,32,16
1370,16,64,10,2,4,16,8,0,0,137.077818,136.84,123.8728,148.9384,9.388058,32,32,16
1371,16,64,10,2,8,16,32,2,0,137.888176,137.67,131.3039,148.5934,7.230991,32,32,16
1372,16,64,10,2,4,8,32,0,0,139.418894,138.1386,134.3368,144.2027,4.310237,32,32,16
1373,16,64,10,2,8,32,8,0,0,139.488167,138.1419,135.9152,147.7356,4.689953,32,32,16
1374,16,64,10,2,8,16,8,2,0,140.849581,142.1857,128.7133,149.4807,7.774867,32,32,16
1375,16,64,10,2,8,32,8,2,0,140.650137,136.3441,124.2184,178.2444,21.362206,32,32,16
1376,16,64,10,2,8,8,32,2,0,142.133866,142.2641,132.4742,148.7073,6.241143,32,32,16
1377,16,64,10,2,8,16,16,2,0,141.110461,134.8973,127.2434,179.418,21.532426,32,32,16
1378,16,64,10,2,4,8,8,0,0,142.324593,144.0265,130.2752,150.6786,8.274885,32,32,16
1379,16,64,10,2,4,32,16,0,0,142.930232,142.7835,137.4775,151.2029,5.254038,32,32,16
1380,16,64,10,2,8,32,16,0,0,142.897754,144.4474,131.0124,151.7953,7.5277,32,32,16
1381,16,64,10,2,4,8,16,0,0,143.086598,142.5495,139.0474,149.2148,3.832306,32,32,16
1382,16,64,10,2,6,8,8,0,0,143.306255,144.7649,138.3572,145.8454,3.014007,32,32,16
1383,16,16,12,2,4,8,8,2,0,139.677397,126.2135,120.3573,215.3138,40.34151,32,32,16
1384,16,64,10,2,6,16,8,0,0,143.71569,142.2411,137.0115,154.0772,6.79352,32,32,16
1385,16,64,10,2,6,16,16,0,0,143.611997,139.3132,130.9978,179.0072,19.630619,32,32,16
1386,16,64,10,2,8,32,32,0,0,145.100455,147.5992,127.9062,156.0951,10.560847,32,32,16
1387,16,64,10,2,8,8,16,0,0,146.29752,149.5738,136.4516,150.6094,5.873573,32,32,16
1388,16,64,10,2,8,16,8,0,0,148.117171,147.317,140.0019,157.6426,7.861294,32,32,16
1389,32,64,12,3,8,32,8,2,0,144.566101,138.1609,105.4761,204.6985,42.379386,64,64,32
1390,16,64,10,2,4,16,32,0,0,147.723931,143.6944,129.1196,195.134,26.579901,32,32,16
1391,16,64,10,2,6,8,32,0,0,149.02157,144.4123,141.5132,172.3849,12.985693,32,32,16
1392,16,64,10,2,8,8,32,0,0,151.935825,151.0221,140.338,160.4728,8.265779,32,32,16
1393,16,64,10,2,8,16,16,0,0,153.296777,146.2192,135.7235,171.4406,16.255558,32,32,16
1394,16,64,10,2,6,32,8,2,0,156.69772,159.8365,142.4809,162.8686,8.3502,32,32,16
1395,16,64,10,2,6,16,32,0,0,156.056608,144.5191,143.2601,186.1379,19.216836,32,32,16
1396,16,64,10,2,8,16,32,0,0,157.290801,164.2939,137.7741,169.5495,13.848041,32,32,16
1397,16,64,10,2,6,32,16,2,0,157.482932,159.3026,144.501,175.4397,13.130282,32,32,16
1398,32,16,12,2,8,32,32,2,0,168.809574,171.8429,159.2417,176.1139,7.744484,64,64,32
1399,32,16,12,2,8,32,8,2,0,172.40895,167.8068,165.2399,181.8358,7.799407,64,64,32
1400,16,64,10,2,6,8,8,2,0,168.768738,187.2057,121.9099,208.3553,39.195333,32,32,16
1401,16,64,10,2,6,32,16,0,0,173.01854,166.9264,162.8541,192.4114,12.595809,32,32,16
1402,16,64,10,2,6,16,32,2,0,174.683452,169.0973,159.1561,190.6399,13.749695,32,32,16
1403,32,16,12,2,4,16,32,2,0,175.400665,175.5691,173.8367,176.525,1.125957,64,64,32
1404,32,16,12,2,4,16,16,0,0,175.90646,177.996,169.3332,179.687,4.229975,64,64,32
1405,32,16,12,2,4,8,16,2,0,176.270938,178.3216,167.8995,185.7775,7.055773,64,64,32
1406,32,16,12,2,8,32,16,2,0,176.880743,174.4446,171.037,183.873,6.086603,64,64,32
1407,32,16,12,2,8,16,32,0,0,176.992445,174.7553,168.337,186.7076,7.275633,64,64,32
1408,32,16,12,2,8,8,16,2,0,177.015549,174.5397,167.5329,189.1179,8.131515,64,64,32
1409,32,16,12,2,4,16,8,2,0,178.066582,178.261,173.408,183.0135,4.401294,64,64,32
1410,32,16,12,2,8,8,32,0,0,177.988032,172.1209,169.9894,193.6402,10.244122,64,64,32
1411,32,16,12,2,8,16,8,0,0,178.661392,179.3567,174.1858,183.8228,3.919943,64,64,32
1412,32,16,12,2,8,8,32,2,0,178.762829,170.8013,167.9828,200.5272,14.039875,64,64,32
1413,32,16,12,2,4,8,32,2,0,179.353029,177.6976,170.2873,193.0806,8.339324,64,64,32
1414,32,16,12,2,8,32,32,0,0,179.669729,179.5773,175.2152,184.3417,3.898097,64,64,32
1415,32,16,12,2,6,16,32,2,0,179.845047,180.3181,170.6823,192.6913,8.197014,64,64,32
1416,32,16,12,2,8,16,16,2,0,179.694129,176.6134,166.4203,199.0491,11.985652,64,64,32
1417,32,16,12,2,4,16,8,0,0,180.624213,183.2451,173.8608,184.1337,4.342542,64,64,32
1418,32,16,12,2,4,32,8,0,0,180.886706,180.5188,173.4354,187.764,5.161437,64,64,32
1419,32,16,12,2,4,32,16,0,0,180.939762,182.0628,170.3379,189.2101,7.179914,64,64,32
1420,16,64,10,2,6,32,32,0,0,178.095997,179.7328,140.9795,242.6931,41.114605,32,32,16
1421,32,16,12,2,8,32,8,0,0,181.735859,179.6737,169.7914,203.9267,13.255185,64,64,32
1422,32,16,12,2,8,8,16,0,0,182.382356,182.1283,178.6305,189.2841,4.346758,64,64,32
1423,32,16,12,2,8,16,8,2,0,181.854546,173.7066,172.2471,220.93,21.348024,64,64,32
1424,16,64,10,2,8,8,8,0,0,181.716462,184.8672,143.4421,205.077,25.320751,32,32,16
1425,32,16,12,2,4,8,16,0,0,184.251347,184.6717,171.9719,193.5845,8.926847,64,64,32
1426,32,16,12,2,4,8,8,0,0,184.561266,184.2263,176.6045,194.8433,6.806952,64,64,32
1427,32,16,12,2,8,16,32,2,0,184.826514,181.6842,176.9651,194.5196,7.292198,64,64,32
1428,32,16,12,2,8,16,16,0,0,185.605998,188.7541,174.2482,193.7495,7.882281,64,64,32
1429,32,16,12,2,6,16,8,2,0,185.544788,187.6527,170.8559,211.285,16.363143,64,64,32
1430,32,16,12,2,6,8,16,0,0,186.072406,184.8644,177.5478,199.4371,8.548143,64,64,32
1431,32,16,12,2,4,16,32,0,0,186.194524,186.5715,174.3034,197.5898,10.946386,64,64,32
1432,32,16,12,2,8,8,8,2,0,186.719657,187.6413,173.3109,199.9233,12.357323,64,64,32
1433,32,16,12,2,8,32,16,0,0,188.38949,183.4469,169.6678,220.8117,19.065495,64,64,32
1434,32,16,12,2,6,16,16,0,0,189.286504,190.9433,185.4919,191.3147,2.660675,64,64,32
1435,16,64,10,2,6,32,32,2,0,181.020361,145.2112,136.1541,283.4184,67.719091,32,32,16
1436,32,16,12,2,6,16,32,0,0,191.164133,193.1655,185.0179,195.6624,4.402688,64,64,32
1437,32,16,12,2,8,8,8,0,0,191.31955,189.3861,182.9029,199.2301,6.825534,64,64,32
1438,32,16,12,2,4,16,16,2,0,191.969806,181.0446,176.1664,212.6114,18.236123,64,64,32
1439,32,16,12,2,6,32,16,2,0,195.920394,194.4031,179.2378,216.7621,14.997371,64,64,32
1440,32,16,12,2,6,16,8,0,0,196.539254,191.2296,187.606,213.0819,10.65537,64,64,32
1441,32,16,12,2,6,8,16,2,0,197.225891,197.3309,192.4905,203.6173,4.343903,64,64,32
1442,32,16,12,2,4,8,8,2,0,195.906384,183.3807,175.9791,251.1275,30.90958,64,64,32
1443,32,16,12,2,4,32,16,2,0,199.845016,190.5786,185.0592,226.9589,19.143057,64,64,32
1444,32,16,12,2,6,32,8,2,0,198.5306,185.9838,177.6193,278.4032,43.055583,64,64,32
1445,32,16,12,2,4,32,8,2,0,199.25524,181.5793,174.0268,280.2707,44.267586,64,64,32
1446,32,16,12,2,6,8,8,2,0,202.639581,199.1838,196.0107,217.4242,8.823863,64,64,32
1447,32,16,12,2,6,8,32,2,0,200.417102,180.1809,172.7381,321.8382,64.491368,64,64,32
1448,32,16,12,2,4,32,32,2,0,205.605988,191.3486,184.3209,242.0311,26.556166,64,64,32
1449,32,16,12,2,6,32,8,0,0,209.663508,200.145,188.9243,260.8984,29.057753,64,64,32
1450,32,16,12,2,6,32,32,2,0,209.719146,200.2131,185.187,266.7803,31.894944,64,64,32
1451,32,16,12,2,6,8,8,0,0,210.539846,213.9669,173.5145,250.6819,29.399907,64,64,32
1452,32,16,12,2,6,16,16,2,0,212.067883,219.6064,194.6917,223.2848,12.948379,64,64,32
1453,32,64,10,2,8,16,8,2,0,213.047778,212.5843,211.1425,216.037,1.809822,64,64,32
1454,32,16,12,2,4,32,32,0,0,212.217934,204.4723,184.0975,257.1523,29.136029,64,64,32
1455,32,64,10,2,8,8,8,2,0,214.083025,214.9117,205.7285,222.1047,6.591757,64,64,32
1456,32,16,12,2,4,8,32,0,0,213.447099,190.1321,187.0491,274.2335,39.930043,64,64,32
1457,32,64,10,2,6,32,32,2,0,216.578721,215.1697,211.096,222.5036,4.782315,64,64,32
1458,32,64,10,2,8,8,16,2,0,216.725889,217.9053,212.0015,221.4718,3.982336,64,64,32
1459,32,64,10,2,8,16,16,2,0,216.962345,218.6363,212.4149,219.8869,3.400735,64,64,32
1460,16,64,10,2,6,32,8,0,0,217.002718,220.3216,197.5697,226.1465,11.358879,32,32,16
1461,32,64,10,2,4,16,16,2,0,217.772262,219.3858,210.5374,220.5845,4.10671,64,64,32
1462,32,64,10,2,6,16,8,2,0,217.737524,215.2265,210.9914,226.6768,6.588762,64,64,32
1463,32,64,10,2,4,32,16,2,0,218.199,218.1426,212.49,223.7338,4.878554,64,64,32
1464,32,64,10,2,6,32,16,2,0,218.402106,212.8476,210.3484,236.8862,11.103361,64,64,32
1465,32,64,10,2,4,16,32,2,0,219.025026,221.4098,209.5006,226.2145,6.419194,64,64,32
1466,32,64,10,2,4,8,8,2,0,219.34762,216.256,208.6322,235.8824,10.486042,64,64,32
1467,32,64,10,2,8,16,8,0,0,219.501491,221.258,211.581,225.0741,5.681979,64,64,32
1468,32,16,12,2,6,32,32,0,0,219.684558,221.8623,207.6128,234.8171,11.646774,64,64,32
1469,32,64,10,2,8,8,32,2,0,220.347446,222.3507,213.6404,226.2169,5.445936,64,64,32
1470,32,16,12,2,6,32,16,0,0,216.18203,197.2498,184.8485,313.954,53.963333,64,64,32
1471,32,64,10,2,6,8,32,2,0,220.568971,219.0638,213.9734,236.9034,9.381146,64,64,32
1472,32,64,10,2,4,8,32,2,0,221.069366,218.5573,212.5696,231.5019,8.33271,64,64,32
1473,32,64,10,2,8,32,32,2,0,221.554216,220.7943,207.9803,237.9523,11.527155,64,64,32
1474,32,64,10,2,8,32,16,2,0,221.954158,221.0317,214.1551,231.2266,7.133647,64,64,32
1475,32,64,10,2,8,32,16,0,0,223.160123,224.2422,214.0863,228.9844,6.177379,64,64,32
1476,32,64,10,2,4,32,32,2,0,224.003564,223.5635,218.5033,232.6852,5.302502,64,64,32
1477,32,64,10,2,6,32,16,0,0,224.126451,222.7449,221.5895,227.9432,2.667364,64,64,32
1478,32,64,10,2,4,32,8,2,0,224.076012,218.4365,214.4923,239.6442,10.758978,64,64,32
1479,32,64,10,2,4,8,16,2,0,224.624388,225.2295,217.4698,231.1043,4.849829,64,64,32
1480,32,64,10,2,8,8,32,0,0,224.669895,223.1289,215.0348,236.8262,7.85566,64,64,32
1481,32,64,10,2,6,32,8,2,0,225.878155,225.056,217.5331,241.373,9.600909,64,64,32
1482,32,64,10,2,8,16,16,0,0,226.325876,224.894,218.6104,235.2921,7.078922,64,64,32
1483,32,64,10,2,6,8,8,2,0,226.545656,225.6193,220.0752,235.699,5.704387,64,64,32
1484,32,64,10,2,8,8,16,0,0,226.84192,225.725,220.5513,236.3373,5.873665,64,64,32
1485,32,64,10,2,8,16,32,0,0,227.73888,226.8741,217.7959,237.9577,7.310954,64,64,32
1486,32,64,10,2,6,32,8,0,0,227.873423,229.4553,223.0049,232.0562,3.648629,64,64,32
1487,32,64,10,2,8,8,8,0,0,228.305138,224.5706,221.4919,236.9735,7.241025,64,64,32
1488,32,64,10,2,4,16,8,2,0,227.908123,219.3672,214.5757,270.433,23.458765,64,64,32
1489,32,64,10,2,6,16,16,2,0,229.349779,229.1695,219.3125,245.4258,10.662304,64,64,32
1490,32,16,12,2,6,8,32,0,0,227.911278,221.5236,199.8545,282.7038,32.32825,64,64,32
1491,32,64,10,2,6,32,32,0,0,229.622853,228.7127,224.9421,238.6346,5.267051,64,64,32
1492,32,64,10,2,4,16,32,0,0,230.648403,225.5412,223.0942,246.3781,10.156078,64,64,32
1493,32,64,10,2,6,16,8,0,0,232.142097,231.3112,226.3608,241.5287,5.835144,64,64,32
1494,32,64,10,2,4,8,32,0,0,233.087987,235.1458,225.0726,236.5799,4.622964,64,64,32
1495,32,64,10,2,4,8,16,0,0,232.562582,223.8107,220.558,271.8931,21.693667,64,64,32
1496,32,64,10,2,8,32,8,2,0,231.662109,219.6298,208.6552,291.4,33.161962,64,64,32
1497,32,64,10,2,4,16,16,0,0,233.399524,233.2734,221.8895,251.5626,11.801323,64,64,32
1498,32,64,10,2,6,8,8,0,0,233.733155,235.0663,224.9002,242.2094,6.349922,64,64,32
1499,32,64,10,2,4,32,16,0,0,233.965314,234.2739,221.6354,243.828,7.997709,64,64,32
1500,32,64,10,2,6,8,16,2,0,234.347767,224.5695,220.5694,264.8564,18.893986,64,64,32
1501,16,64,12,2,4,32,32,2,0,237.102581,235.9178,233.5968,241.4864,3.827997,32,32,16
1502,32,64,10,2,6,16,32,2,0,238.297699,237.362,220.383,259.1506,16.375547,64,64,32
1503,32,64,10,2,4,8,8,0,0,239.406801,236.3774,225.7469,254.9713,11.395044,64,64,32
1504,32,64,10,2,8,32,32,0,0,239.505833,237.7903,219.2524,276.4072,22.577426,64,64,32
1505,16,64,12,2,6,32,8,2,0,240.427439,242.894,229.8165,252.9849,10.221499,32,32,16
1506,32,64,10,2,8,16,32,2,0,240.282651,249.7786,207.7491,262.896,22.421457,64,64,32
1507,32,64,10,2,4,32,32,0,0,240.990466,234.1345,227.9183,270.7832,17.092,64,64,32
1508,32,64,10,2,8,32,8,0,0,241.174617,235.7254,220.6504,260.0042,16.415401,64,64,32
1509,32,64,10,2,6,8,16,0,0,241.798447,230.3438,226.6193,265.912,19.398986,64,64,32
1510,16,64,12,2,6,16,8,2,0,244.162302,243.9115,239.5905,250.6272,4.242188,32,32,16
1511,32,64,10,2,4,16,8,0,0,244.450445,236.5034,218.8591,272.999,24.445443,64,64,32
1512,16,64,12,2,8,8,8,2,0,245.539569,246.2261,238.6839,252.249,5.026946,32,32,16
1513,16,64,12,2,6,8,32,2,0,245.641835,244.4345,238.3087,255.0663,6.073446,32,32,16
1514,16,64,12,2,4,8,8,2,0,246.982544,246.3959,239.8561,257.8877,6.856628,32,32,16
1515,16,64,12,2,6,16,16,2,0,247.157484,248.8313,236.642,254.7759,7.465515,32,32,16
1516,16,64,12,2,4,32,16,2,0,247.023705,251.2197,224.3196,259.5218,14.036688,32,32,16
1517,16,64,12,2,6,8,8,2,0,248.456324,245.8588,242.628,258.9793,6.313426,32,32,16
1518,16,64,12,2,4,8,32,2,0,248.591628,246.7855,235.1363,259.4787,9.857392,32,32,16
1519,16,64,12,2,8,32,8,2,0,249.738548,244.6503,240.036,272.2864,13.055591,32,32,16
1520,16,64,12,2,8,8,16,2,0,249.968503,245.6526,244.256,264.4817,8.534409,32,32,16
1521,16,64,12,2,8,16,32,2,0,253.947626,253.0196,247.5063,259.9574,5.034377,32,32,16
1522,16,64,12,2,6,8,16,2,0,253.826397,250.6818,246.1151,273.4389,11.097264,32,32,16
1523,16,64,12,2,4,8,16,2,0,254.864121,248.6621,243.1025,270.2025,11.941611,32,32,16
1524,32,64,10,2,6,16,16,0,0,256.829218,254.8348,233.8096,294.836,25.084294,64,64,32
1525,16,64,12,2,8,16,16,2,0,257.880808,253.9804,248.5363,283.9961,14.676393,32,32,16
1526,16,64,12,2,4,16,32,2,0,259.396026,258.0591,253.9187,265.0578,5.025882,32,32,16
1527,32,64,10,2,6,16,32,0,0,259.010177,250.3745,236.8018,312.6593,29.971872,64,64,32
1528,16,64,12,2,8,16,8,2,0,260.459257,259.3116,251.1668,281.0077,12.066634,32,32,16
1529,16,64,12,2,6,32,16,2,0,260.456799,261.1023,237.8718,276.5597,16.479944,32,32,16
1530,16,64,12,2,8,32,32,2,0,264.676775,262.8415,247.6347,303.7671,22.766395,32,32,16
1531,16,64,12,2,6,16,32,2,0,265.48899,260.5335,249.4527,290.3406,15.61626,32,32,16
1532,32,64,10,2,6,8,32,0,0,268.000814,266.8056,260.7203,273.9342,5.203158,64,64,32
1533,16,64,12,2,4,8,32,0,0,268.472128,268.6658,262.8641,273.4237,3.821414,32,32,16
1534,16,64,12,2,6,16,32,0,0,269.012321,269.2738,254.8132,280.2318,9.980253,32,32,16
1535,16,64,12,2,6,32,16,0,0,269.858915,266.6983,264.2589,276.9508,6.115431,32,32,16
1536,16,64,12,2,4,16,16,2,0,270.10897,267.9885,263.2681,287.892,10.156362,32,32,16
1537,16,64,12,2,8,8,8,0,0,270.506802,273.677,258.5896,275.2357,7.006369,32,32,16
1538,32,64,10,2,4,32,8,0,0,266.951231,241.4248,237.9245,379.5116,61.072377,64,64,32
1539,16,64,12,2,4,32,32,0,0,271.816685,270.8701,260.9628,288.4865,10.265281,32,32,16
1540,16,64,12,2,8,32,8,0,0,272.27391,270.349,262.8628,283.4266,8.094836,32,32,16
1541,16,64,12,2,6,8,8,0,0,273.231785,275.4625,260.2763,284.312,9.011055,32,32,16
1542,16,64,12,2,6,8,32,0,0,273.401732,279.1224,255.6189,287.866,13.319027,32,32,16
1543,16,64,12,2,6,16,16,0,0,273.9314,276.3223,259.3287,284.0987,10.793106,32,32,16
1544,16,64,12,2,8,8,16,0,0,274.548434,268.7282,263.8896,294.2344,13.121557,32,32,16
1545,16,64,12,2,6,32,8,0,0,274.747799,277.5108,255.3604,288.9135,14.47302,32,32,16
1546,16,64,12,2,6,32,32,0,0,278.805319,277.7872,262.9749,292.2688,11.449793,32,32,16
1547,16,64,12,2,8,16,32,0,0,280.251145,279.3207,273.3077,291.7277,7.047041,32,32,16
1548,16,64,12,2,4,16,8,0,0,280.833095,284.1152,257.3563,309.1442,19.252805,32,32,16
1549,16,64,12,2,8,16,16,0,0,281.460568,282.8431,274.1243,285.0162,4.292136,32,32,16
1550,16,64,12,2,6,8,16,0,0,285.806993,280.6868,263.7398,334.0618,27.597198,32,32,16
1551,16,64,12,2,4,16,16,0,0,287.214902,283.6621,276.0998,300.3879,11.04776,32,32,16
1552,16,64,12,2,4,8,8,0,0,287.718711,287.7351,278.6378,297.2874,7.702297,32,32,16
1553,16,64,12,2,8,8,32,0,0,297.829499,313.8189,254.9163,331.5471,33.636586,32,32,16
1554,16,64,12,2,8,32,16,0,0,299.135749,293.6379,280.7885,339.3078,23.080338,32,32,16
1555,16,64,12,2,6,16,8,0,0,301.758469,300.587,277.1217,329.9098,20.233028,32,32,16
1556,16,64,12,2,4,32,8,2,0,298.01,262.2757,247.4242,427.4729,74.673403,32,32,16
1557,16,64,12,2,4,32,16,0,0,304.761506,300.099,286.8749,350.7855,26.308749,32,32,16
1558,16,64,12,2,4,16,8,2,0,303.838174,307.6063,252.1434,396.3716,58.671252,32,32,16
1559,16,64,12,2,4,16,32,0,0,311.572142,305.9106,284.6069,370.9126,35.307774,32,32,16
1560,16,64,12,2,8,16,8,0,0,313.250134,325.4612,262.5789,340.938,30.732844,32,32,16
1561,16,64,12,2,6,32,32,2,0,313.978189,297.7254,273.7292,380.8734,45.637775,32,32,16
1562,16,64,12,2,8,32,16,2,0,316.67548,320.4319,293.4303,339.019,16.614367,32,32,16
1563,16,64,12,2,4,32,8,0,0,314.393051,280.4266,270.6274,405.1904,60.073724,32,32,16
1564,16,64,12,2,4,8,16,0,0,325.343534,314.2414,277.7981,469.035,78.720814,32,32,16
1565,16,64,12,2,8,32,32,0,0,335.288815,333.3858,294.6754,377.0511,34.194203,32,32,16
1566,16,64,12,2,8,8,32,2,0,331.270732,305.5848,254.4033,437.7163,81.976094,32,32,16
1567,32,64,12,2,4,16,16,2,0,436.598287,438.0297,429.4504,442.7607,5.282068,64,64,32
1568,32,64,12,2,8,16,16,2,0,438.035931,433.36,431.8673,445.9262,7.183993,64,64,32
1569,32,64,12,2,8,8,8,2,0,439.425088,438.4364,432.1117,450.527,6.960211,64,64,32
1570,32,64,12,2,8,8,32,2,0,439.460704,439.3059,421.6468,456.9274,12.514456,64,64,32
1571,32,64,12,2,8,16,32,2,0,441.706974,442.1305,428.654,456.4617,9.951656,64,64,32
1572,32,64,12,2,4,8,32,2,0,442.651493,444.4101,422.5027,454.5433,13.068952,64,64,32
1573,32,64,12,2,6,8,32,2,0,446.195336,437.5521,430.4461,470.3595,17.080063,64,64,32
1574,32,64,12,2,4,32,16,2,0,446.505071,451.769,431.6417,459.0488,12.801966,64,64,32
1575,32,64,12,2,6,8,16,2,0,447.360554,446.7902,442.5589,451.3785,3.663317,64,64,32
1576,32,64,12,2,6,16,8,2,0,448.701453,450.6947,440.9461,452.6103,4.76282,64,64,32
1577,32,64,12,2,8,32,8,2,0,450.934935,450.185,441.0456,464.4811,10.274282,64,64,32
1578,32,64,12,2,6,16,16,2,0,451.420492,449.2172,438.2445,468.7051,12.793362,64,64,32
1579,32,64,12,2,8,32,16,2,0,451.256428,453.8505,419.8709,480.6602,24.300429,64,64,32
1580,32,64,12,2,4,8,16,2,0,451.82668,445.365,433.4349,497.7291,26.324922,64,64,32
1581,32,64,12,2,4,32,8,2,0,452.6904,457.829,443.3077,459.0485,7.767447,64,64,32
1582,32,64,12,2,8,32,32,2,0,453.4954,460.6337,431.3674,468.812,17.070763,64,64,32
1583,32,64,12,2,4,32,32,2,0,454.802282,456.8407,444.2472,462.7014,7.251029,64,64,32
1584,32,64,12,2,8,8,16,2,0,454.860827,451.0719,439.123,474.4673,13.829479,64,64,32
1585,32,64,12,2,6,32,8,2,0,456.244964,442.3735,440.9623,504.0692,27.126664,64,64,32
1586,32,64,12,2,8,16,8,2,0,458.126427,452.3904,432.9146,497.0032,24.662723,64,64,32
1587,32,64,12,2,6,32,32,2,0,459.24665,453.3131,444.9423,477.3496,13.42731,64,64,32
1588,32,64,12,2,8,16,32,0,0,459.572717,459.3361,450.4588,469.3259,6.699622,64,64,32
1589,32,64,12,2,4,16,32,0,0,459.937387,459.1215,447.8777,469.4212,8.7538,64,64,32
1590,32,64,12,2,8,8,8,0,0,462.358372,464.8228,453.6384,468.4807,6.454217,64,64,32
1591,32,64,12,2,6,16,32,2,0,462.313562,457.4272,452.1852,475.2557,10.356335,64,64,32
1592,32,64,12,2,4,32,16,0,0,462.677826,460.1337,455.0898,476.5178,8.176738,64,64,32
1593,32,64,12,2,4,32,32,0,0,463.112232,458.2391,456.1244,474.0202,8.014096,64,64,32
1594,32,64,12,2,8,32,32,0,0,464.123353,463.8549,457.259,470.2452,4.722134,64,64,32
1595,32,64,12,2,6,16,32,0,0,464.951305,461.2271,454.5097,486.3232,12.625631,64,64,32
1596,32,64,12,2,8,8,16,0,0,465.967879,467.6092,452.4506,483.2041,12.533585,64,64,32
1597,32,64,12,2,8,16,8,0,0,468.155853,472.0078,452.1271,486.6385,14.299011,64,64,32
1598,32,64,12,2,6,16,16,0,0,468.413625,468.3703,463.1005,473.6506,4.551958,64,64,32
1599,32,64,12,2,4,16,8,2,0,468.447806,469.5424,454.2517,485.3868,13.774264,64,64,32
1600,32,64,12,2,6,16,8,0,0,468.583035,471.0076,445.7844,491.5069,17.573162,64,64,32
1601,32,64,12,2,6,32,32,0,0,468.969545,471.9474,463.2013,474.1857,5.153132,64,64,32
1602,32,64,12,2,6,8,32,0,0,468.976785,463.8291,460.6914,486.6941,10.567696,64,64,32
1603,32,64,12,2,4,32,8,0,0,470.46365,477.1867,451.491,482.7623,13.65521,64,64,32
1604,32,64,12,2,4,16,16,0,0,471.529806,467.065,465.177,486.1321,8.703353,64,64,32
1605,32,64,12,2,4,16,8,0,0,471.680139,470.6885,459.9771,484.3491,9.217467,64,64,32
1606,32,64,12,2,8,8,32,0,0,472.320271,465.8417,453.1695,508.451,21.571925,64,64,32
1607,32,64,12,2,4,8,32,0,0,473.671088,473.6977,466.5248,479.5445,5.330864,64,64,32
1608,32,64,12,2,6,32,16,2,0,472.016727,451.2281,443.1543,563.1526,50.76787,64,64,32
1609,32,64,12,2,6,8,8,2,0,474.121742,453.6693,448.978,564.8951,49.963027,64,64,32
1610,32,64,12,2,8,32,8,0,0,476.702676,480.4158,452.1243,496.1251,15.979939,64,64,32
1611,32,64,12,2,8,16,16,0,0,477.827008,479.7932,468.9417,485.932,7.797393,64,64,32
1612,32,64,12,2,6,32,8,0,0,478.520447,474.0398,455.8268,496.971,17.468995,64,64,32
1613,32,64,12,2,8,32,16,0,0,481.749604,489.0838,458.3771,493.6403,14.662121,64,64,32
1614,32,64,12,2,4,8,8,0,0,480.566396,463.7956,451.916,568.8053,48.657655,64,64,32
1615,32,64,12,2,4,8,16,0,0,482.08461,481.5376,455.9237,518.57,22.755244,64,64,32
1616,32,64,12,2,6,8,16,0,0,484.607469,476.7515,473.3733,510.3798,15.462482,64,64,32
1617,32,64,12,2,6,8,8,0,0,489.480876,483.6748,471.7158,523.9203,20.063503,64,64,32
1618,32,64,12,2,4,8,8,2,0,490.395324,463.8815,436.801,682.5162,104.248973,64,64,32
1619,32,64,12,2,4,16,32,2,0,495.781163,469.6225,458.0017,617.728,67.463471,64,64,32
1620,32,64,12,2,6,32,16,0,0,503.501719,519.5309,463.3197,539.1974,32.79629,64,64,32
